id_img,label
10052,happy
10065,angry
10079,angry
10095,angry
10121,angry
10148,angry
10163,angry
10215,angry
1024,happy
10286,angry
10315,angry
10336,happy
10338,angry
10371,angry
10382,sad
10399,neutral
10415,neutral
10426,angry
10551,sad
10554,angry
10583,neutral
10699,angry
10702,neutral
1071,angry
10743,angry
10746,neutral
10818,happy
10823,neutral
10825,angry
10839,angry
10854,happy
10970,angry
11002,angry
11017,angry
11024,angry
11028,sad
1106,happy
11075,angry
11093,happy
11096,surprise
11158,angry
11169,angry
11186,angry
11188,angry
11200,neutral
1124,angry
11266,fear
1127,angry
11337,angry
11342,neutral
11400,angry
11421,fear
11467,angry
11561,sad
11610,angry
11613,angry
11632,angry
11642,neutral
11675,sad
11694,angry
1177,angry
11813,angry
11841,angry
11849,angry
11883,fear
11949,angry
11964,sad
11986,angry
12136,neutral
12144,angry
1215,neutral
12171,sad
12183,angry
12230,happy
12237,neutral
12307,happy
1235,fear
12352,surprise
12489,sad
12680,angry
12695,angry
12733,fear
12808,angry
12810,disgust
12841,angry
12842,angry
12851,angry
12928,sad
12945,sad
13029,angry
13041,angry
13057,surprise
13059,neutral
13092,neutral
13118,angry
13167,angry
13220,neutral
13267,neutral
13279,neutral
13334,neutral
13351,sad
13376,neutral
13395,neutral
1340,angry
13431,neutral
1350,angry
13514,sad
13533,fear
13535,angry
1358,angry
13582,sad
13599,fear
13607,angry
13671,fear
13672,angry
13738,angry
13758,neutral
1386,happy
13890,neutral
13978,surprise
14022,fear
14030,angry
14058,angry
14108,angry
14118,happy
14120,neutral
14148,neutral
14185,sad
14206,fear
1422,fear
14243,angry
14315,angry
14329,angry
14357,neutral
14376,angry
1438,sad
14381,sad
14421,angry
14438,neutral
14498,neutral
14557,neutral
1460,angry
14706,angry
1477,angry
14775,neutral
14821,angry
14831,angry
14870,angry
14945,angry
15074,surprise
1508,neutral
15138,angry
15172,angry
15190,angry
15194,angry
15217,fear
15222,angry
15295,sad
15474,disgust
15500,sad
15502,neutral
1555,neutral
15562,angry
15637,angry
15644,neutral
15654,angry
15699,surprise
157,disgust
15709,happy
15712,angry
15715,surprise
15725,disgust
1575,fear
15771,angry
1582,neutral
15820,sad
15821,sad
15835,angry
1584,sad
15848,angry
15897,sad
15919,angry
15941,fear
15954,angry
15979,angry
16033,angry
16102,fear
16169,fear
16222,fear
16233,disgust
16287,happy
16292,angry
16380,angry
16406,angry
16410,angry
16413,neutral
16428,fear
16506,surprise
16510,happy
16557,neutral
16565,sad
16643,sad
16659,fear
16681,angry
16711,happy
1672,fear
16764,fear
16768,angry
16783,neutral
16792,angry
16875,angry
16999,fear
17024,happy
17053,neutral
17085,neutral
17099,surprise
17167,angry
1717,angry
17170,neutral
17186,angry
17209,angry
17211,fear
17228,sad
17259,happy
17316,neutral
17344,neutral
1736,sad
17371,angry
17413,fear
17428,angry
17445,neutral
17452,angry
17502,angry
17536,happy
17647,angry
17700,angry
17705,angry
17731,angry
17735,angry
17736,angry
17752,sad
17787,angry
17910,angry
17939,angry
18001,neutral
18050,neutral
18140,fear
18142,angry
18161,fear
18166,surprise
18183,angry
18200,angry
18247,sad
1825,angry
18254,sad
18284,angry
18376,angry
18380,neutral
1841,angry
18415,fear
18445,angry
18459,angry
18466,angry
18492,fear
18534,neutral
18565,angry
18566,angry
18588,angry
18593,angry
18602,happy
18617,disgust
18633,angry
18695,angry
18715,angry
18779,angry
1880,fear
18810,angry
18837,angry
18882,angry
18903,neutral
18949,neutral
18983,angry
1899,sad
18994,angry
19014,happy
19060,neutral
19067,angry
1908,angry
19093,angry
19108,angry
19114,neutral
19115,angry
19140,neutral
19152,angry
19268,angry
19292,angry
19309,neutral
19392,sad
19476,disgust
19477,sad
19485,sad
1966,angry
19664,angry
19732,fear
19811,fear
1983,disgust
19832,angry
19877,sad
19906,sad
19923,angry
1994,angry
19950,neutral
19961,happy
2006,neutral
20222,angry
20227,neutral
20287,surprise
20290,angry
20298,surprise
20303,angry
20312,neutral
20328,angry
20353,angry
20374,fear
20451,neutral
2050,angry
20505,angry
20532,angry
2055,angry
20629,angry
20630,neutral
20635,angry
20640,angry
20653,neutral
20673,angry
20686,angry
20736,angry
20739,angry
20796,angry
20817,neutral
20849,angry
21068,angry
21099,sad
21111,angry
21131,fear
21135,angry
21161,angry
2117,surprise
21173,angry
21284,angry
21371,sad
21374,happy
2142,neutral
21447,surprise
21472,angry
21511,angry
21512,angry
21520,surprise
21541,sad
21573,fear
21670,angry
21703,angry
21723,happy
21782,angry
21836,neutral
21865,angry
21916,neutral
21921,fear
21922,angry
2194,angry
22089,angry
22183,fear
22184,angry
22198,angry
2225,happy
22309,sad
22334,sad
22375,happy
22516,fear
22695,angry
22733,angry
22739,happy
22789,neutral
22807,happy
22810,neutral
22832,happy
2290,fear
22990,disgust
23,surprise
23008,angry
23041,sad
23059,angry
23085,neutral
23164,neutral
23194,angry
23215,neutral
23230,happy
23246,neutral
23327,fear
23404,fear
23468,fear
23473,angry
23488,angry
23521,fear
23532,angry
23749,neutral
23780,angry
23783,angry
23814,angry
23847,neutral
23886,angry
24067,angry
2407,neutral
24071,angry
24176,angry
24184,angry
24252,sad
24378,sad
24412,fear
24428,sad
24435,happy
24437,sad
24441,surprise
24466,angry
24490,angry
245,angry
24501,sad
24542,sad
24660,sad
24678,angry
24711,angry
24789,angry
24797,angry
24819,neutral
24821,angry
2484,angry
2486,neutral
2487,angry
24886,sad
249,sad
24959,surprise
24967,happy
2498,neutral
24992,fear
25082,sad
25088,angry
251,sad
25101,angry
2511,happy
25131,angry
25144,angry
25209,angry
25255,angry
25343,happy
25360,neutral
25435,angry
25528,surprise
25542,happy
2557,angry
2558,fear
25612,happy
25681,neutral
25688,sad
25778,happy
25795,angry
2581,neutral
25811,angry
25813,happy
25844,neutral
25874,angry
25876,angry
25886,angry
25891,neutral
259,fear
25944,angry
25973,neutral
26025,neutral
26038,happy
26059,angry
26121,neutral
26124,sad
26137,happy
26163,happy
26175,sad
26177,angry
26181,angry
26185,fear
26248,neutral
26264,neutral
26267,neutral
26337,happy
26344,angry
26437,sad
26446,angry
26462,sad
26572,sad
26597,happy
26618,neutral
26620,angry
2668,happy
26725,sad
26789,neutral
26845,happy
26860,neutral
26886,neutral
26899,angry
26900,angry
26919,fear
26928,angry
26956,happy
27016,angry
27022,angry
27054,fear
2709,neutral
2712,angry
27284,neutral
27296,angry
27385,angry
27413,angry
27464,angry
27483,neutral
27544,angry
2762,happy
27652,fear
2770,angry
27704,happy
27715,angry
27726,neutral
27744,neutral
27770,neutral
27777,neutral
27798,angry
27828,fear
2791,angry
27967,sad
27982,angry
28015,neutral
28058,angry
28062,neutral
28120,angry
28144,surprise
28148,sad
28149,sad
28207,angry
28248,angry
28288,angry
28300,angry
28401,happy
28438,fear
28498,sad
28509,neutral
28543,sad
28547,angry
28560,disgust
28585,angry
28614,angry
28618,angry
28620,sad
28660,angry
28707,fear
28720,angry
28731,sad
28737,surprise
28743,angry
28749,angry
28800,fear
28840,fear
28867,angry
28884,angry
2890,sad
28932,sad
28952,fear
29085,angry
29119,happy
29132,sad
29202,angry
29266,angry
29319,neutral
2933,disgust
29414,sad
29471,neutral
29477,neutral
29493,angry
29523,angry
29527,sad
29554,angry
29571,angry
29581,angry
29588,angry
29614,happy
29669,angry
29685,angry
29730,angry
298,sad
29818,angry
29866,angry
29929,angry
29931,surprise
29947,angry
29977,angry
29980,angry
30002,angry
30004,angry
30015,happy
30024,angry
30058,angry
30059,fear
30082,angry
30085,angry
30171,angry
3021,angry
30260,neutral
30273,sad
30290,neutral
30305,angry
30320,neutral
30325,happy
30394,surprise
30415,neutral
30420,fear
30456,sad
30458,neutral
30460,angry
30490,neutral
30509,happy
30535,angry
30563,neutral
30584,surprise
30619,fear
30901,angry
30933,sad
30944,happy
3099,angry
31033,angry
31042,angry
31081,neutral
31083,neutral
31138,fear
31142,fear
31203,angry
3121,disgust
3137,angry
31491,angry
31529,angry
31544,sad
31609,happy
31635,neutral
31693,sad
31703,angry
3176,sad
31849,angry
3186,angry
31873,angry
3188,happy
31928,happy
32023,angry
32024,angry
32153,fear
32161,neutral
32223,angry
32231,angry
3226,angry
32278,angry
32281,angry
32298,angry
32336,fear
32352,angry
32367,fear
32454,fear
32464,sad
32473,angry
3248,angry
32481,neutral
32506,happy
32512,angry
32575,neutral
32584,angry
32617,neutral
32662,happy
32755,angry
32777,angry
33015,fear
3303,fear
33105,angry
33131,angry
33221,angry
3327,fear
33301,happy
33308,angry
3334,sad
33352,angry
33444,fear
33450,angry
33459,neutral
33494,neutral
33560,neutral
33573,angry
33633,angry
33666,neutral
3370,angry
33729,angry
3377,neutral
338,fear
33809,angry
33829,neutral
33890,angry
33924,happy
33926,neutral
3393,sad
33935,disgust
33977,happy
33987,sad
33998,angry
34036,angry
34040,angry
3412,angry
34138,angry
34151,fear
34175,neutral
34178,fear
34184,angry
34238,happy
34259,fear
34352,fear
34359,happy
34363,angry
34448,sad
34474,angry
3449,angry
34507,neutral
34581,angry
34592,angry
34596,angry
34620,angry
3467,angry
34714,angry
34778,angry
34879,surprise
35009,angry
35010,neutral
35028,angry
35041,angry
35059,angry
35145,angry
35149,angry
35162,angry
35210,angry
3522,sad
35261,neutral
35298,angry
35407,angry
35425,angry
35439,angry
35447,neutral
35514,angry
3558,angry
3564,sad
35669,neutral
35681,angry
35682,fear
35731,sad
35753,sad
35805,angry
35809,angry
35820,angry
35828,angry
35881,angry
35884,happy
3599,fear
3632,angry
377,sad
38,angry
3802,angry
3819,sad
3839,fear
3862,neutral
3870,happy
3913,sad
4015,angry
404,sad
4060,sad
4077,angry
4100,angry
4196,neutral
4229,happy
4306,angry
4317,neutral
4324,angry
4349,sad
4384,angry
4396,angry
4397,sad
4459,sad
4468,angry
4502,happy
4579,angry
4616,angry
4637,neutral
4660,sad
4665,angry
4670,sad
4700,happy
4751,fear
4807,fear
4878,sad
4937,sad
5010,angry
5060,neutral
5064,neutral
521,neutral
5220,angry
5233,angry
5244,angry
5259,surprise
5312,neutral
5317,neutral
5400,angry
5422,surprise
5432,angry
5434,fear
5459,fear
5519,angry
5564,angry
5570,angry
5582,sad
5607,sad
5610,neutral
5637,happy
5732,angry
5739,fear
5780,angry
5810,angry
5822,angry
5859,fear
5883,angry
5888,angry
589,happy
5902,happy
5962,angry
6009,angry
6017,angry
6075,angry
608,sad
6088,sad
6119,angry
6129,angry
6155,angry
6225,happy
6232,angry
624,angry
6274,angry
6278,angry
6283,disgust
6321,sad
633,angry
6347,angry
6364,angry
6365,neutral
6375,angry
6390,fear
6420,angry
6426,sad
6471,angry
6484,angry
65,angry
654,neutral
6547,sad
6555,happy
6561,angry
6566,fear
6580,angry
6581,angry
6584,fear
6618,neutral
6621,angry
665,angry
6652,angry
6726,angry
6739,angry
6745,neutral
676,sad
6766,angry
6809,happy
6890,neutral
6923,angry
6955,fear
6965,angry
7015,angry
7056,angry
7103,fear
7136,happy
7174,angry
7219,neutral
7257,angry
7261,neutral
727,angry
7284,angry
7291,happy
7409,angry
7492,disgust
7550,happy
7559,fear
7589,happy
764,sad
7655,angry
7668,angry
7729,angry
7777,angry
7793,sad
7811,sad
7886,neutral
7919,sad
7937,happy
7979,angry
8000,angry
8001,angry
8052,angry
8096,angry
8103,neutral
8130,angry
8151,neutral
816,angry
8267,neutral
8275,angry
8299,angry
8402,neutral
842,sad
854,angry
8555,angry
8581,sad
8593,angry
861,fear
8661,neutral
8685,angry
8719,sad
8734,angry
8902,angry
8916,angry
8969,neutral
9012,angry
9059,sad
9100,angry
9156,surprise
9266,angry
9293,fear
9331,angry
9400,fear
9567,surprise
9615,angry
966,angry
9691,sad
9698,neutral
9715,angry
9748,angry
9785,angry
9802,surprise
9811,neutral
9862,angry
9884,sad
9931,angry
10053,disgust
10435,disgust
10532,neutral
1115,disgust
11222,disgust
11529,disgust
11639,disgust
12417,disgust
12753,angry
13372,disgust
13597,angry
13652,disgust
13847,surprise
14041,sad
14869,disgust
14954,neutral
14958,disgust
15110,sad
16021,disgust
16054,disgust
16121,disgust
16264,angry
16718,disgust
17260,neutral
18077,neutral
1843,fear
18464,disgust
18716,angry
19649,sad
19734,disgust
19770,disgust
19801,disgust
19831,disgust
20761,disgust
21744,neutral
21765,disgust
21851,disgust
22320,disgust
2275,disgust
23141,disgust
23153,angry
23665,angry
23876,angry
24578,angry
25267,angry
25538,disgust
25541,happy
26859,happy
2732,sad
2742,disgust
28332,angry
28390,surprise
28710,disgust
28987,neutral
29158,disgust
29269,disgust
30347,sad
30428,disgust
30499,disgust
30601,disgust
30719,disgust
30761,disgust
30907,neutral
3101,disgust
31232,angry
31323,neutral
31796,neutral
31828,disgust
32487,fear
32681,disgust
33209,angry
33284,disgust
33561,disgust
33670,disgust
33995,disgust
34022,angry
34432,disgust
34505,angry
34519,happy
3521,fear
35376,disgust
35580,disgust
3690,disgust
3778,disgust
4002,fear
4004,disgust
4265,fear
4312,angry
4481,disgust
4737,sad
5085,disgust
533,happy
573,disgust
6231,disgust
6926,disgust
7068,disgust
7192,angry
7405,angry
7455,disgust
7592,disgust
7835,disgust
807,disgust
8415,happy
8585,disgust
8726,fear
8893,disgust
8948,fear
9043,fear
9297,disgust
9460,disgust
9504,fear
10029,surprise
10043,angry
10044,fear
1008,neutral
10099,fear
101,neutral
10189,fear
10263,neutral
10267,angry
10278,fear
10292,sad
10355,fear
10409,surprise
10437,sad
10443,sad
10445,sad
10458,fear
10489,fear
10493,surprise
10534,fear
1075,sad
10758,sad
1079,sad
10797,fear
10832,angry
10933,fear
10944,happy
10968,sad
10979,fear
11030,fear
11036,angry
11039,neutral
11054,neutral
11057,neutral
11104,sad
11112,fear
11137,surprise
11143,fear
11146,happy
1116,fear
1128,fear
1133,sad
11353,surprise
11360,happy
1137,neutral
11381,happy
11412,fear
11416,sad
11471,fear
11536,surprise
1154,neutral
11559,surprise
11587,sad
11653,fear
11682,fear
11687,neutral
1169,neutral
11704,fear
11706,fear
11727,neutral
11729,sad
11747,neutral
11754,neutral
11774,fear
11816,sad
11855,angry
11904,fear
1193,surprise
11944,surprise
11968,fear
11999,sad
12063,neutral
12125,neutral
12255,sad
12259,happy
12313,fear
12334,happy
12350,surprise
12383,happy
12431,fear
12440,fear
12472,neutral
12496,sad
12527,fear
12578,happy
12592,fear
12634,angry
12674,angry
12676,angry
12698,surprise
12712,neutral
12737,surprise
12809,sad
12891,sad
12948,surprise
12986,fear
12988,sad
13067,neutral
13071,neutral
131,sad
13114,sad
13121,fear
13152,fear
13179,sad
13233,fear
1325,neutral
13250,angry
13252,neutral
13301,angry
13306,fear
13308,fear
13310,angry
13362,neutral
13394,happy
13405,sad
1343,angry
13482,fear
13486,happy
13518,sad
13549,surprise
13561,happy
13585,angry
13587,fear
13593,sad
13596,happy
13638,sad
13664,fear
1367,fear
13683,fear
13694,surprise
13798,surprise
13855,fear
1389,sad
13899,sad
13913,angry
13921,sad
13928,surprise
13933,fear
13939,surprise
13965,angry
13971,sad
1401,sad
14011,fear
14033,neutral
14037,happy
14044,happy
14057,fear
14082,fear
1410,angry
14114,angry
14117,sad
14268,fear
1429,angry
14306,sad
1441,sad
14444,happy
14452,sad
14509,fear
14529,fear
14551,fear
14605,fear
14620,angry
14637,fear
1465,happy
14722,sad
1474,sad
14744,fear
14747,neutral
14786,fear
14789,fear
148,angry
1485,surprise
14891,fear
14987,angry
15001,neutral
15012,angry
15040,surprise
1506,neutral
15088,sad
15134,fear
15191,sad
15198,fear
15260,fear
15268,sad
15279,fear
15280,surprise
1534,happy
15503,fear
15539,neutral
15544,surprise
15578,happy
15615,surprise
15622,angry
15663,sad
15668,fear
15678,fear
1576,neutral
15778,fear
15859,neutral
15870,fear
15881,fear
15921,angry
15950,neutral
15984,fear
1599,neutral
15999,angry
16039,fear
1606,sad
16071,surprise
16113,fear
16134,happy
16226,fear
16277,fear
16318,fear
16330,neutral
16346,fear
16374,fear
16395,sad
16429,neutral
16440,surprise
16450,fear
16486,fear
16489,angry
16501,fear
16503,sad
16523,angry
16539,sad
1654,fear
16559,sad
1657,sad
1660,angry
16609,neutral
16632,angry
16674,fear
16775,fear
16788,fear
16802,fear
16811,neutral
16830,sad
16915,neutral
16930,fear
16954,neutral
16977,happy
16990,happy
17105,neutral
17107,fear
17114,fear
17180,fear
17191,fear
17213,sad
17217,fear
1722,fear
17236,fear
1727,fear
17314,sad
17334,sad
17369,sad
17449,neutral
17479,angry
17503,happy
17550,sad
17558,fear
1756,fear
17587,sad
17631,sad
17668,fear
17685,fear
17707,sad
17710,fear
17762,neutral
17816,angry
17831,fear
17834,happy
17901,surprise
17930,fear
17932,sad
17934,happy
1796,fear
1799,neutral
18006,happy
18010,fear
18068,neutral
18073,fear
18104,fear
18106,happy
18108,surprise
18117,fear
18148,surprise
18203,happy
18291,angry
18299,happy
18309,fear
18317,fear
18325,angry
18336,fear
18364,fear
1838,fear
18404,happy
18513,angry
18517,happy
18523,sad
18527,fear
18542,fear
18569,angry
1857,fear
18574,fear
18641,angry
18713,fear
1873,surprise
18753,fear
18757,sad
18763,neutral
18905,fear
18908,fear
18911,surprise
18960,fear
18974,fear
18976,angry
18984,neutral
19000,sad
19020,fear
19064,neutral
19089,angry
19119,fear
19188,fear
19216,sad
19226,sad
19235,fear
19252,happy
1929,fear
19349,happy
1939,neutral
19454,neutral
19473,fear
19497,fear
19559,angry
19599,angry
19612,happy
19644,neutral
19682,angry
19740,angry
19754,surprise
19810,angry
19841,fear
1986,sad
19888,angry
19896,fear
19897,angry
19995,happy
200,happy
20037,fear
20058,sad
20062,angry
20083,fear
20135,sad
20194,fear
20214,sad
20265,angry
20337,sad
20411,neutral
20424,angry
20450,fear
20461,fear
2047,sad
20476,angry
20495,angry
20508,surprise
20526,surprise
20579,fear
20598,happy
20617,fear
20715,neutral
20831,neutral
20843,fear
20851,happy
20897,sad
20970,neutral
2098,angry
21,fear
21070,fear
21101,fear
21102,surprise
21227,fear
21230,sad
21250,angry
21269,happy
21280,sad
21352,fear
21360,fear
21387,sad
21420,fear
21464,surprise
21499,fear
21500,fear
21556,surprise
21559,fear
21598,fear
21615,sad
21654,sad
21686,angry
21697,happy
2178,surprise
21833,fear
21858,fear
21877,fear
21946,sad
21967,sad
22050,surprise
22074,fear
22102,fear
22130,fear
22166,surprise
2226,fear
22326,fear
22349,neutral
224,surprise
22458,happy
22485,sad
22520,surprise
22607,neutral
22640,sad
22662,neutral
22756,fear
22791,angry
22827,fear
22839,fear
22840,fear
22917,neutral
22944,happy
22988,angry
22997,happy
23038,sad
23083,sad
23100,surprise
23126,fear
23142,neutral
23184,fear
23192,sad
23209,fear
23260,fear
23305,surprise
23332,neutral
23362,sad
23368,fear
23389,fear
23403,sad
23427,sad
23447,fear
23463,fear
23477,neutral
23517,fear
23540,surprise
23561,fear
23566,fear
2357,fear
23718,surprise
23731,sad
23767,fear
23778,neutral
2378,fear
23791,fear
2391,fear
24016,sad
24035,neutral
24088,fear
24089,neutral
24131,fear
2416,sad
24165,sad
24185,happy
24213,fear
24220,neutral
2426,fear
24452,fear
24479,sad
24482,sad
24539,sad
24554,happy
24562,neutral
24579,fear
24621,fear
24625,fear
24694,fear
24721,sad
24753,fear
24763,fear
24778,angry
24822,sad
24880,angry
24948,fear
24963,neutral
24978,sad
24991,fear
25045,fear
25046,fear
25061,neutral
25074,fear
25108,neutral
25109,sad
25133,sad
25162,fear
25191,fear
25202,sad
25220,sad
25242,fear
25247,sad
25298,sad
25306,neutral
25327,sad
25359,neutral
25439,sad
25481,neutral
25496,neutral
25555,fear
25570,surprise
25577,sad
25590,fear
25605,fear
25621,fear
25638,sad
25647,fear
25710,surprise
258,sad
25820,fear
25914,fear
2592,neutral
2593,neutral
26082,fear
26091,disgust
26097,sad
26131,neutral
26210,sad
26250,fear
26275,happy
26283,fear
26363,sad
26377,fear
26385,fear
26394,sad
264,sad
26402,surprise
26409,surprise
2641,fear
26454,fear
26469,surprise
2651,neutral
2657,neutral
26582,fear
26726,sad
2681,angry
26842,angry
26895,fear
26916,fear
26927,fear
26973,fear
26980,neutral
270,fear
27006,angry
27077,sad
27094,neutral
27098,fear
27103,fear
27145,angry
27300,surprise
27308,neutral
27359,fear
27363,fear
27369,sad
27488,fear
27503,angry
27509,happy
27591,sad
27635,sad
27709,sad
27764,fear
27772,sad
27806,neutral
27846,fear
27868,fear
27889,surprise
2789,sad
27899,angry
27910,surprise
27937,angry
28050,angry
28101,angry
28189,fear
28210,fear
28243,fear
28267,fear
28308,sad
28331,fear
28417,fear
28453,fear
28503,fear
28515,surprise
28548,fear
2858,sad
2860,fear
28627,fear
28701,surprise
28704,fear
28724,fear
28729,neutral
28734,angry
28859,angry
29005,sad
29026,fear
29027,angry
29043,fear
2906,fear
29068,fear
29126,sad
29152,fear
29219,sad
2927,neutral
29284,fear
29285,angry
29291,fear
29315,angry
29327,sad
29349,fear
29389,angry
29478,fear
29528,fear
29536,sad
29603,fear
29629,fear
29674,fear
297,fear
29701,fear
29709,surprise
29713,fear
29720,fear
29731,neutral
29733,fear
29735,fear
29738,neutral
29795,fear
29869,sad
2987,angry
29871,sad
2988,surprise
29892,sad
29912,fear
29924,neutral
29990,sad
3000,happy
30062,happy
30074,angry
30196,fear
30206,sad
30237,sad
30253,sad
30316,neutral
30333,surprise
3036,neutral
30482,happy
30564,fear
3057,sad
30594,surprise
30638,sad
30735,angry
30774,fear
30798,neutral
3087,sad
30936,fear
31007,sad
31105,angry
31107,happy
31116,fear
3112,fear
31130,neutral
31157,fear
31159,surprise
31188,fear
3124,fear
31286,fear
31330,fear
31341,fear
31357,surprise
31375,angry
31395,neutral
31398,surprise
314,sad
31421,sad
31461,neutral
31526,sad
31535,sad
31569,fear
31625,fear
31638,fear
31655,sad
3170,surprise
31738,angry
31782,fear
31821,fear
31855,fear
31860,fear
31866,neutral
31903,fear
31916,fear
31940,sad
31954,angry
31973,sad
31979,sad
32076,fear
32097,fear
32103,fear
32180,angry
32279,fear
32323,surprise
32349,fear
32351,angry
32438,neutral
32461,fear
32463,neutral
32485,fear
32507,neutral
32551,fear
32569,fear
32619,sad
32623,fear
32642,fear
32682,neutral
32688,sad
3269,surprise
32692,sad
32696,surprise
32758,sad
32766,fear
32799,fear
32829,fear
32876,fear
32879,angry
32889,angry
32931,angry
32940,fear
32941,neutral
32946,fear
3296,sad
3297,fear
32996,sad
33007,angry
33051,fear
33097,fear
3314,neutral
33215,fear
33258,neutral
33299,fear
33358,fear
33390,angry
33410,angry
33419,fear
33440,surprise
33490,fear
33519,disgust
33535,fear
33548,fear
33559,fear
33587,fear
33608,fear
33617,fear
33644,surprise
33673,surprise
33674,neutral
33701,neutral
33718,angry
33806,neutral
33855,sad
3391,fear
33919,angry
33940,fear
340,sad
3402,fear
34024,fear
34063,sad
3409,fear
34097,fear
341,happy
34100,neutral
34117,neutral
34120,happy
34143,fear
34201,fear
34277,neutral
34325,fear
34356,fear
34382,fear
34396,fear
34415,neutral
34462,fear
34465,fear
34522,neutral
34545,fear
34613,fear
34656,fear
34659,angry
34675,fear
3472,neutral
34730,sad
34755,surprise
34878,surprise
34897,neutral
34968,fear
34972,happy
35022,fear
35120,surprise
35151,fear
35202,fear
35207,fear
35230,fear
35238,fear
35250,happy
35257,disgust
35279,neutral
35322,fear
35334,neutral
35362,neutral
35363,fear
35394,neutral
35410,sad
35427,fear
35453,fear
35541,fear
35592,surprise
35629,fear
3565,angry
35697,fear
35709,angry
3584,surprise
35851,sad
3601,surprise
3645,sad
365,surprise
3709,surprise
3714,neutral
3719,happy
3722,surprise
3736,fear
3739,neutral
3742,neutral
3783,neutral
3785,neutral
3836,happy
3837,neutral
3985,fear
4033,surprise
4040,fear
4064,fear
4098,neutral
414,fear
418,angry
4200,fear
4217,neutral
4234,neutral
4296,sad
4308,fear
4316,fear
4340,fear
4411,fear
4453,fear
4516,angry
452,happy
4523,fear
454,fear
4540,fear
4547,angry
460,fear
4650,surprise
4821,happy
483,sad
4858,fear
4901,sad
4917,neutral
4975,fear
4979,fear
4986,fear
500,sad
5023,neutral
504,sad
507,surprise
5074,surprise
5097,sad
5117,angry
5184,fear
5222,surprise
5253,fear
5263,fear
5283,fear
5360,fear
538,fear
546,sad
5472,fear
5514,neutral
5567,neutral
5622,fear
5638,neutral
5654,happy
5717,angry
5736,surprise
5809,happy
5858,sad
5957,fear
5961,sad
5989,happy
5992,fear
6035,sad
6037,fear
6054,neutral
6059,neutral
6062,angry
6064,fear
6091,fear
6106,neutral
6152,sad
6153,sad
6176,angry
6179,fear
6214,happy
6311,sad
6345,neutral
6346,happy
6366,fear
6469,happy
6495,fear
6515,sad
6608,fear
6732,fear
6747,happy
6808,fear
6814,fear
6876,sad
689,fear
6902,happy
6909,fear
6973,fear
6988,fear
7027,sad
7038,fear
7102,happy
712,sad
7129,happy
7146,happy
7150,fear
7158,fear
7182,fear
7270,neutral
7271,sad
729,sad
73,fear
7302,fear
7305,fear
7350,neutral
7394,neutral
741,neutral
7517,fear
7542,fear
7580,neutral
7681,surprise
7684,sad
7748,fear
7749,fear
7756,fear
7786,fear
7819,sad
7846,sad
7875,happy
7894,disgust
794,sad
7980,fear
8035,fear
8040,fear
8043,fear
8067,angry
8119,fear
8163,neutral
8177,happy
8178,sad
8239,happy
8350,fear
8433,sad
8454,sad
8474,fear
8481,neutral
85,neutral
8556,neutral
859,happy
8611,fear
8637,fear
8645,fear
8672,fear
872,fear
8754,fear
8795,happy
8797,sad
8818,surprise
886,angry
9037,fear
9040,surprise
9101,fear
911,angry
9179,neutral
9205,fear
9232,neutral
9251,fear
9261,fear
9281,fear
9302,sad
9333,fear
9369,surprise
9370,angry
9474,sad
949,disgust
9602,angry
9606,fear
9842,angry
9898,angry
10019,happy
10023,angry
10074,happy
10096,happy
10106,happy
10126,sad
10138,happy
10141,surprise
1020,happy
10218,happy
10237,happy
10248,happy
10257,happy
1027,happy
10273,neutral
10276,happy
10312,happy
10317,happy
10344,angry
10362,happy
10367,happy
10370,happy
10432,happy
10456,angry
10467,happy
10468,angry
10480,sad
10528,happy
10540,happy
10552,happy
1056,neutral
10571,sad
1058,happy
10622,happy
10638,neutral
10640,happy
10644,happy
10647,sad
10683,happy
10703,sad
1074,happy
10770,happy
10773,happy
10792,happy
1081,happy
10811,happy
10841,happy
10879,angry
10903,happy
10935,happy
10956,happy
10992,happy
11019,happy
1111,happy
11150,happy
11208,happy
1121,happy
11236,happy
1130,fear
11345,happy
11349,happy
11392,happy
1141,happy
11500,happy
11508,happy
11516,happy
1152,happy
11530,happy
11549,happy
11552,happy
11558,happy
11573,happy
11575,happy
11588,happy
1159,fear
11594,happy
11604,happy
11614,happy
11637,happy
11646,happy
11658,happy
11717,happy
11733,happy
11763,happy
11766,happy
11772,happy
11785,happy
11793,happy
11808,happy
11814,happy
11819,happy
11835,fear
11842,happy
11850,happy
11885,happy
11927,happy
12011,happy
1202,happy
12024,happy
12098,happy
12120,happy
12129,happy
12141,happy
12191,happy
12239,happy
12257,happy
12284,happy
12321,neutral
12329,happy
12349,happy
12359,happy
12376,happy
12379,neutral
12381,happy
12410,happy
1246,happy
12487,happy
12492,angry
12497,surprise
12557,happy
12560,happy
12581,happy
12600,happy
12611,happy
12672,happy
12705,angry
12725,happy
12729,happy
12772,happy
12776,happy
12789,happy
12861,happy
12904,happy
12936,happy
12951,happy
12956,happy
12957,happy
13037,happy
13073,happy
1309,neutral
13105,happy
13108,happy
13127,neutral
13139,happy
13151,happy
1316,happy
13204,happy
13228,happy
13283,happy
13317,happy
13322,happy
1334,angry
13348,happy
13353,happy
13363,happy
13366,fear
13385,happy
1341,happy
13427,happy
13428,happy
13449,happy
13456,happy
13476,happy
13502,happy
13526,happy
13528,happy
13570,happy
13584,happy
13590,happy
13615,angry
13618,happy
13655,happy
13703,happy
13706,happy
13715,happy
13757,happy
13761,neutral
13792,happy
13802,happy
1381,happy
13833,happy
13848,happy
13874,happy
13877,happy
139,neutral
13911,happy
13912,surprise
13925,happy
1395,disgust
13955,happy
13968,fear
13969,happy
13991,happy
14063,happy
14092,happy
141,happy
14139,happy
14152,happy
14155,happy
14169,happy
14236,happy
14278,happy
14282,happy
14292,happy
14310,happy
14314,happy
14327,happy
14348,happy
14360,happy
14371,happy
14378,happy
14419,happy
14427,happy
14448,neutral
14473,happy
14475,happy
14516,happy
14517,neutral
14518,sad
14546,happy
14586,fear
14593,happy
14611,happy
14700,happy
14730,happy
14757,happy
14759,neutral
14792,happy
14877,happy
1491,happy
14965,happy
14973,neutral
15039,happy
15060,happy
15077,happy
15099,happy
1512,happy
15147,happy
15181,happy
15212,happy
15216,neutral
15221,happy
15229,happy
15257,happy
15269,happy
15271,happy
15292,happy
15310,happy
15323,happy
15331,neutral
15335,happy
1538,happy
15397,happy
15400,happy
15409,happy
15426,angry
15432,happy
15438,happy
15443,happy
15455,neutral
15494,happy
15520,neutral
15523,happy
15589,happy
15616,happy
15621,happy
15677,happy
15708,happy
15758,happy
15767,happy
15791,surprise
15843,happy
15854,happy
15885,fear
15910,surprise
15966,disgust
15976,happy
15983,neutral
16037,happy
16042,happy
16064,happy
16076,happy
16081,happy
16106,neutral
16108,happy
16120,happy
16141,happy
16192,happy
16198,happy
16238,happy
16275,happy
1628,happy
16308,happy
16370,happy
16375,happy
1640,happy
16407,sad
16423,happy
16444,happy
16460,sad
16511,neutral
16550,happy
16562,happy
16583,happy
16588,happy
16596,happy
16604,happy
16611,happy
16619,happy
16633,happy
16649,happy
16667,happy
16699,happy
167,happy
1670,happy
16700,happy
16712,happy
16734,happy
16738,happy
16751,angry
16752,angry
16759,happy
16770,happy
16795,happy
16799,happy
16809,happy
16818,happy
16952,happy
16967,happy
16971,happy
1699,angry
17002,happy
17007,happy
17010,fear
17021,sad
17022,happy
17032,happy
1704,sad
17041,happy
1707,happy
17098,happy
17104,angry
17117,happy
17188,sad
17194,happy
17207,happy
17220,happy
17319,happy
17367,neutral
17381,happy
17397,happy
17402,happy
17447,happy
17462,happy
17470,surprise
17484,happy
17485,happy
17494,happy
17498,happy
17506,happy
17524,happy
17541,happy
17543,happy
17552,happy
17609,happy
17624,happy
17654,happy
1768,happy
17682,happy
17684,happy
17692,happy
17694,happy
17698,happy
1770,happy
17715,happy
17772,happy
17799,happy
17802,neutral
17821,happy
1787,happy
17904,happy
1793,happy
17936,happy
18016,happy
18018,happy
18025,happy
18033,happy
18037,happy
18080,happy
18082,happy
1815,happy
18165,happy
18173,happy
18205,happy
18226,happy
18237,happy
18245,happy
18249,sad
18250,happy
18256,happy
18259,surprise
18297,happy
18308,happy
18383,happy
18405,happy
18424,sad
18425,happy
18442,happy
18443,happy
18471,happy
18476,happy
18483,sad
18487,happy
18503,happy
18505,neutral
18531,happy
18541,sad
18556,happy
18568,happy
18578,happy
18655,happy
18662,happy
1869,happy
187,happy
18700,sad
18729,happy
18783,happy
18822,happy
18827,sad
18834,happy
18835,happy
18849,happy
18861,happy
1887,happy
18873,happy
18885,happy
18898,happy
18904,surprise
18930,happy
18944,happy
18948,happy
18952,happy
19008,happy
19012,happy
19025,happy
19056,neutral
19062,happy
19063,fear
19074,happy
19105,happy
19127,angry
19130,happy
19132,happy
19137,happy
19148,happy
19160,neutral
19162,happy
1919,happy
192,fear
1920,happy
19210,happy
19245,happy
19263,happy
19269,happy
19284,happy
19291,happy
19317,happy
19318,happy
19323,happy
19346,happy
19357,neutral
19370,happy
19377,happy
19378,happy
1938,happy
19398,happy
19402,neutral
19438,happy
19449,happy
19478,happy
19492,happy
19496,happy
19499,happy
19514,happy
1953,happy
19536,happy
19548,happy
19568,neutral
19589,neutral
19597,happy
196,happy
19600,happy
19605,sad
19668,happy
19680,happy
19696,happy
19700,happy
19709,happy
19711,happy
1974,happy
19744,happy
19747,happy
19748,happy
19768,happy
19803,fear
19837,happy
19883,happy
19889,happy
19918,happy
19957,happy
19958,happy
19962,happy
19968,happy
2001,happy
20023,happy
20025,happy
20032,surprise
20039,angry
20048,happy
20091,happy
20111,happy
2012,happy
20120,happy
20122,happy
20140,happy
20155,happy
20165,happy
20181,neutral
20196,happy
20208,happy
20213,happy
20216,neutral
20218,happy
20229,happy
20239,neutral
20252,happy
20267,happy
20285,happy
20296,neutral
20318,happy
20355,happy
20365,happy
20371,fear
20377,happy
20412,happy
20430,happy
20445,happy
20490,happy
20500,happy
20507,happy
20519,happy
20547,happy
20561,happy
20567,happy
2058,happy
20580,angry
20595,happy
20616,happy
2064,happy
20666,happy
20675,neutral
20684,happy
20685,happy
2069,happy
20745,happy
20821,happy
20829,happy
20850,happy
20857,happy
20865,happy
20866,neutral
20889,happy
20918,happy
20941,happy
20945,happy
20949,happy
20958,neutral
20972,happy
20984,happy
20988,happy
20994,neutral
210,happy
21006,happy
21027,happy
21033,happy
21077,angry
21097,happy
21098,happy
21120,happy
21143,fear
21177,happy
21185,happy
2120,happy
21200,happy
2122,happy
21235,sad
21292,happy
213,happy
21305,happy
21316,happy
21348,happy
2135,happy
2137,happy
21376,happy
21384,happy
21394,happy
21439,fear
21441,happy
21460,happy
21473,happy
21483,fear
21501,happy
2152,sad
21524,happy
21538,happy
21574,happy
2159,happy
21593,happy
21602,happy
21605,happy
21618,happy
21699,happy
21708,happy
21750,happy
21778,surprise
21783,neutral
21787,happy
2182,happy
21825,neutral
21835,happy
2184,happy
21846,happy
21876,happy
21899,happy
21927,happy
21942,angry
21943,happy
21961,fear
21990,sad
2204,happy
22056,neutral
22064,neutral
22080,happy
22097,happy
22111,neutral
22138,fear
22140,happy
22150,happy
22154,happy
22178,angry
22179,happy
22191,happy
22194,happy
22201,happy
22247,happy
22289,sad
22290,happy
22301,sad
2231,happy
22340,happy
22346,happy
22347,happy
22351,happy
22380,neutral
22388,happy
22395,happy
22424,happy
22459,happy
22466,happy
22506,sad
22532,happy
22545,happy
22560,happy
22574,happy
22600,happy
22604,happy
22612,happy
22614,happy
22671,happy
22679,happy
22711,happy
22750,happy
22754,angry
22763,happy
22778,happy
22784,happy
22804,happy
22805,happy
2282,happy
22834,happy
2284,happy
22863,fear
2287,happy
22894,happy
22900,happy
22910,angry
2293,happy
22935,happy
22991,happy
23028,angry
2305,happy
2307,happy
2308,happy
23096,happy
23101,happy
23114,happy
23122,happy
23170,neutral
23238,happy
2324,happy
2327,happy
23293,neutral
23319,happy
23320,sad
23321,angry
23334,happy
23377,happy
23380,happy
23381,happy
23419,happy
23440,happy
23453,happy
23462,angry
2350,happy
23501,happy
23525,happy
23555,happy
23559,angry
23572,happy
23590,happy
23612,happy
23621,happy
23664,happy
23667,happy
2374,happy
2377,happy
23770,neutral
23786,sad
23801,happy
23813,happy
23848,happy
23862,happy
23865,neutral
23866,happy
23891,happy
23897,happy
23920,happy
23933,happy
23946,neutral
24027,happy
2403,neutral
24054,neutral
24055,happy
24077,happy
24079,happy
24099,neutral
2411,happy
24123,happy
24137,happy
24148,happy
24161,happy
24189,happy
24200,angry
2421,happy
24211,happy
24219,happy
24224,happy
2424,happy
24241,happy
24259,surprise
24263,happy
24286,happy
24289,happy
24292,happy
24297,happy
24299,happy
24340,angry
24354,happy
24355,happy
2436,angry
24360,happy
24380,happy
24390,happy
24391,happy
24393,happy
24395,happy
24410,neutral
24465,happy
24492,sad
2450,happy
24509,happy
24521,happy
24530,happy
24535,happy
24536,happy
24570,angry
24607,happy
24633,happy
24652,happy
24656,happy
24680,happy
24692,happy
24699,happy
247,happy
24718,happy
2472,happy
24731,sad
24747,angry
24764,happy
24769,happy
24777,happy
24783,happy
24823,neutral
2483,happy
24845,happy
24884,happy
24906,happy
24910,happy
2492,happy
24942,happy
24946,happy
25006,happy
25017,happy
25028,happy
25037,sad
25039,happy
25048,angry
25058,happy
25123,happy
25163,happy
25180,angry
25186,happy
25199,happy
25223,happy
25271,happy
25275,happy
25287,sad
25322,happy
25328,happy
25337,happy
25342,happy
25383,angry
25396,happy
25414,happy
25420,happy
25431,happy
25438,angry
25443,happy
25454,neutral
25472,happy
25517,fear
25533,happy
2554,happy
2556,happy
25578,happy
2559,happy
25602,happy
25604,happy
25649,happy
25652,happy
25658,fear
25686,happy
25705,happy
25714,happy
25719,happy
25720,happy
25744,happy
25747,happy
25759,happy
25775,happy
25809,happy
25839,happy
25887,happy
25902,happy
25927,surprise
25937,happy
25949,happy
25993,happy
26018,happy
2603,sad
26032,happy
26034,happy
26046,happy
26077,happy
26098,happy
26107,angry
2611,happy
26159,happy
26160,happy
26169,happy
2620,happy
26212,happy
26224,happy
2629,happy
26338,happy
26370,happy
26397,happy
2640,happy
26456,happy
26459,happy
26468,happy
26477,happy
2649,happy
26511,happy
2655,happy
26563,happy
26578,happy
26660,happy
26665,happy
26667,neutral
26676,happy
26703,happy
26720,happy
26736,happy
26775,angry
2678,happy
26819,happy
26840,happy
26850,sad
26873,happy
26888,happy
26891,happy
26906,happy
26909,happy
26913,happy
26935,happy
26960,happy
26963,happy
26967,happy
26978,happy
26981,happy
27048,happy
27051,happy
27105,neutral
27106,happy
27128,happy
27140,happy
27152,happy
27162,happy
27172,happy
27187,happy
27196,happy
27197,happy
27204,neutral
27212,happy
27227,happy
27246,happy
27277,happy
27294,fear
2730,happy
27326,happy
27333,happy
27334,happy
27365,happy
27367,happy
27404,happy
27407,happy
27426,happy
27446,happy
2745,happy
27452,happy
27474,happy
27508,fear
2754,happy
27554,neutral
27563,happy
27575,happy
27616,happy
27619,fear
27625,happy
27636,happy
27645,happy
27647,happy
27648,happy
27662,neutral
27671,happy
27675,happy
27701,happy
2771,happy
2774,happy
27779,happy
27823,happy
27854,happy
2790,happy
27928,happy
27931,happy
27932,happy
27940,happy
27944,happy
27949,happy
2796,happy
28040,happy
28046,neutral
2805,happy
2806,happy
2810,happy
28105,happy
28108,neutral
28115,happy
28138,happy
28140,happy
2816,neutral
2820,happy
28249,happy
28256,sad
28264,happy
28273,happy
28282,happy
28367,sad
28376,happy
28379,happy
28383,fear
28415,neutral
28474,happy
28502,happy
28522,happy
28529,happy
2857,happy
28581,happy
28590,happy
28594,happy
28600,happy
2861,happy
28632,happy
2867,happy
28676,happy
28688,angry
28772,surprise
28797,happy
28807,happy
28814,neutral
2885,happy
28871,happy
28897,angry
28928,happy
28934,happy
28938,happy
28949,happy
28954,neutral
28955,happy
28962,happy
28963,happy
28982,happy
29003,happy
29019,happy
29020,happy
29067,happy
29071,happy
29074,happy
29111,happy
29123,happy
2913,happy
29185,happy
29211,happy
29214,angry
29248,fear
29258,happy
29290,sad
2930,happy
29300,happy
29329,happy
29365,happy
29370,happy
2938,happy
29398,happy
29415,happy
29423,angry
29456,happy
29460,happy
29464,happy
29467,happy
29475,happy
2948,surprise
29504,happy
29555,happy
29578,happy
29589,happy
29645,happy
29647,happy
29648,happy
29649,happy
2965,happy
29680,happy
29697,happy
29699,neutral
29707,sad
29724,neutral
29766,angry
29769,happy
29773,neutral
29821,fear
29834,happy
29844,happy
2985,happy
29889,happy
29919,happy
29979,happy
29981,angry
29987,happy
29991,happy
30,happy
30006,happy
30016,happy
30069,happy
30099,happy
3010,happy
30102,happy
30114,happy
30119,happy
30127,happy
30143,sad
3016,happy
30164,happy
30188,happy
30193,happy
30216,happy
3022,happy
30221,happy
3024,happy
30241,happy
30245,happy
3029,happy
30297,neutral
30328,happy
30332,happy
30337,happy
30338,happy
30341,happy
30400,happy
30407,happy
30424,happy
30478,happy
30585,happy
30646,happy
30651,happy
30652,happy
30661,happy
30675,happy
30683,happy
30689,neutral
3069,happy
30704,happy
30728,sad
30737,happy
30738,fear
30749,happy
3077,happy
30772,sad
30779,happy
30793,neutral
30808,neutral
30820,happy
30822,happy
30823,happy
30825,happy
3083,happy
30830,happy
30835,happy
30851,happy
30855,happy
30856,angry
3086,happy
30871,happy
30893,surprise
30909,angry
30948,happy
30951,happy
30961,happy
30962,happy
30965,happy
30981,happy
31010,neutral
31029,happy
31043,happy
31056,happy
3106,happy
31080,happy
31101,happy
31112,happy
31137,happy
31140,happy
31141,happy
31145,neutral
3117,happy
3120,happy
31209,happy
31239,happy
31285,happy
31295,happy
3131,happy
31316,happy
3132,happy
31366,happy
3138,happy
31384,happy
3144,happy
31440,happy
3146,happy
31542,happy
31551,happy
31571,happy
31572,happy
3162,sad
31627,happy
31629,happy
31659,angry
31697,happy
31742,happy
31752,happy
31806,happy
31811,happy
3182,happy
31833,happy
31853,happy
31858,happy
31870,happy
31897,happy
31908,happy
31929,surprise
31952,fear
31977,happy
31987,happy
32046,happy
32047,happy
32048,happy
32051,angry
3209,happy
32142,happy
32144,happy
3215,sad
32177,happy
32248,happy
32344,happy
32354,surprise
32372,happy
32377,happy
32382,happy
32388,happy
32402,happy
32439,happy
3245,neutral
325,happy
3250,happy
32541,happy
32544,happy
32568,happy
32570,angry
32574,happy
32595,happy
3260,happy
32607,happy
32614,happy
32624,surprise
32627,happy
32684,angry
32725,happy
32763,happy
32769,happy
32773,happy
3278,happy
32796,happy
32826,happy
32835,happy
32837,sad
32838,happy
32849,neutral
32913,happy
32917,happy
32950,happy
32952,happy
32953,happy
32958,angry
32973,happy
32993,happy
32997,happy
32998,happy
33016,neutral
33017,happy
33024,happy
33046,happy
33065,happy
33066,angry
33071,neutral
33084,happy
33091,happy
33094,happy
331,happy
3313,happy
33144,happy
33174,happy
33175,happy
3318,happy
33188,happy
33212,happy
33216,happy
33228,happy
33231,happy
33240,sad
33268,angry
33283,happy
333,happy
33319,happy
33320,happy
33322,happy
33326,surprise
33343,happy
33357,happy
33366,happy
33375,happy
33407,happy
33423,happy
33455,happy
33460,happy
33463,happy
33518,happy
33525,happy
33530,happy
33533,happy
33544,happy
33564,happy
33610,happy
33648,angry
33660,happy
33675,happy
33690,happy
33727,happy
33757,happy
33762,happy
33802,happy
33807,neutral
33842,happy
33853,happy
33874,happy
33915,happy
33917,happy
33933,happy
33938,happy
33981,happy
34015,happy
34049,happy
34057,happy
34098,happy
3410,neutral
34102,happy
3411,happy
34119,happy
34129,happy
3414,happy
34170,happy
34219,happy
3422,happy
34226,happy
34234,happy
34244,happy
34257,happy
34295,happy
34302,happy
3431,happy
34316,happy
34361,happy
34375,neutral
34386,happy
34397,happy
34412,happy
34435,happy
34437,happy
34464,happy
34468,happy
3447,fear
34471,happy
34483,happy
34498,happy
34510,neutral
3452,happy
34567,happy
34569,angry
34585,neutral
34599,happy
34600,happy
34644,happy
34645,happy
34649,happy
3465,happy
34688,sad
34720,happy
34724,happy
34737,happy
34753,happy
34756,happy
34759,happy
34761,happy
34768,sad
34772,happy
34829,happy
34836,happy
34840,happy
34841,happy
34861,happy
34941,angry
34965,happy
34969,happy
34978,sad
35101,neutral
35117,happy
35142,happy
35153,happy
35163,neutral
35177,happy
35199,happy
35200,happy
35209,happy
35226,neutral
35291,happy
35321,happy
35341,sad
35346,happy
35364,happy
35369,happy
35370,happy
35372,happy
3538,happy
3543,happy
35454,neutral
35481,happy
35497,happy
35520,neutral
35536,happy
35547,happy
35552,happy
35559,surprise
35582,happy
35598,happy
356,happy
35603,happy
35659,angry
35664,happy
35677,happy
35685,happy
35698,happy
3570,happy
35707,happy
35721,angry
35724,happy
3574,happy
35767,happy
35771,happy
35787,neutral
35792,happy
35794,happy
35804,happy
35850,happy
35856,happy
35860,happy
35869,happy
3590,happy
3647,happy
366,happy
3662,happy
3663,happy
370,happy
3755,surprise
3763,happy
3766,neutral
3772,happy
3811,happy
3818,happy
3842,happy
3875,happy
3891,fear
3906,happy
3958,angry
3959,neutral
3969,happy
3977,angry
3978,happy
3982,happy
4029,happy
4041,happy
4084,happy
4090,happy
4094,happy
41,neutral
4107,happy
4114,surprise
4133,neutral
4156,neutral
4159,happy
4165,happy
4169,happy
4174,happy
4182,happy
4185,sad
4226,neutral
4248,happy
4264,happy
4269,happy
4284,happy
4295,neutral
4345,surprise
4363,happy
4366,neutral
440,happy
4433,happy
446,happy
4480,happy
4485,happy
4492,happy
4506,happy
4526,happy
4549,happy
4558,happy
4576,happy
4580,neutral
4589,happy
4606,happy
4607,happy
4620,happy
4634,happy
4640,happy
4649,happy
4653,happy
4666,neutral
478,angry
4786,happy
4791,happy
4797,surprise
4803,happy
4814,happy
4827,happy
4832,happy
4849,happy
485,neutral
487,happy
4910,happy
4948,angry
4980,happy
4988,happy
4996,happy
5006,happy
5008,happy
5048,happy
5062,happy
5089,happy
5102,happy
5127,happy
5154,neutral
5176,happy
5209,happy
5264,happy
5269,happy
527,happy
5278,happy
5279,happy
5289,happy
5293,happy
5303,happy
531,happy
5318,happy
5340,happy
5356,neutral
5417,happy
5445,happy
5452,happy
5468,happy
5477,happy
5490,happy
5493,happy
5523,happy
553,happy
5548,fear
5558,neutral
5594,happy
5618,happy
5674,happy
568,happy
5694,happy
5705,neutral
5714,happy
5719,happy
5753,happy
5766,neutral
5783,happy
5797,happy
5800,happy
5807,happy
5812,happy
5835,happy
5857,happy
5891,happy
5904,happy
5919,happy
594,happy
5942,angry
5954,happy
5968,surprise
5977,happy
5988,neutral
6029,happy
6045,happy
6052,happy
6095,happy
6110,happy
6123,happy
613,neutral
6136,neutral
6169,happy
6175,happy
6183,happy
62,happy
620,happy
6206,neutral
6217,happy
6246,happy
6272,happy
628,neutral
629,happy
6368,happy
6378,happy
639,sad
6394,happy
6403,happy
6416,happy
6444,happy
6457,happy
6473,happy
6500,happy
6522,happy
6532,neutral
655,sad
657,happy
6577,happy
659,happy
6603,surprise
6616,sad
6677,happy
6686,happy
6689,happy
6691,happy
6700,happy
6703,neutral
674,happy
6744,fear
6759,happy
6776,happy
6784,surprise
6792,fear
681,happy
6811,happy
6818,happy
6865,happy
690,happy
6914,happy
6928,fear
693,neutral
6935,happy
6977,happy
6989,happy
7017,neutral
7020,happy
7026,happy
7029,happy
7065,happy
7080,happy
7100,happy
7116,happy
7159,happy
7162,happy
7191,happy
7200,happy
721,happy
7244,happy
7245,happy
7292,angry
7299,happy
7333,happy
7335,happy
7366,happy
7379,happy
738,happy
7392,happy
7413,happy
7425,angry
7441,happy
7511,angry
7531,happy
7532,happy
7537,fear
7548,happy
7561,fear
7590,happy
7603,happy
7659,fear
7664,happy
7672,happy
7674,happy
7680,happy
7700,happy
7702,happy
7712,happy
7713,happy
7737,sad
774,surprise
7753,happy
7762,happy
7804,happy
7813,happy
7815,happy
7827,happy
7845,happy
7881,happy
7892,happy
7905,happy
7916,happy
7948,neutral
7975,happy
7986,happy
8,happy
80,happy
8020,neutral
8027,neutral
8034,happy
8049,happy
8065,neutral
8082,happy
8086,fear
8089,happy
817,sad
8188,happy
8228,happy
8268,happy
8276,happy
8284,angry
8293,happy
8301,happy
8303,happy
8316,happy
8322,sad
8331,happy
8334,happy
8338,happy
8355,happy
8424,sad
8434,happy
8449,happy
8457,happy
8473,happy
8539,happy
8548,happy
8559,happy
856,happy
8649,sad
8657,surprise
8662,happy
8677,happy
8682,happy
8691,surprise
8704,happy
873,happy
8753,happy
8756,happy
8762,happy
880,angry
8820,happy
8861,happy
8864,happy
8886,happy
8915,happy
8940,happy
895,sad
8960,happy
897,happy
898,happy
8993,happy
9005,happy
906,happy
9060,happy
9070,happy
9071,happy
9085,happy
9094,happy
9147,happy
915,neutral
9152,happy
9167,happy
9174,happy
9180,happy
9202,happy
9206,happy
9222,happy
9246,sad
9272,happy
9286,happy
9371,happy
9392,happy
9412,fear
9416,happy
942,happy
9437,happy
9442,happy
9476,happy
9486,happy
951,happy
9538,happy
9542,sad
9570,happy
9571,happy
9598,neutral
9599,happy
9605,happy
9640,happy
9687,happy
973,happy
9774,happy
9800,happy
9833,happy
9845,happy
9865,angry
9890,happy
9893,happy
9897,happy
9901,angry
9933,happy
9977,happy
9979,happy
9984,sad
10033,neutral
10048,sad
10068,neutral
10117,surprise
10118,happy
10134,neutral
10150,happy
10247,neutral
10266,neutral
10346,neutral
10406,happy
1045,happy
10512,neutral
10518,neutral
10533,neutral
10535,sad
10549,sad
10624,angry
10634,sad
10653,neutral
10676,neutral
10693,neutral
10715,angry
10741,neutral
10774,neutral
10787,neutral
10902,fear
10906,sad
10916,neutral
10926,neutral
1093,neutral
1094,neutral
1101,fear
11022,happy
11032,surprise
11034,neutral
11038,fear
11055,neutral
11065,sad
11098,neutral
11108,neutral
11130,neutral
11168,neutral
11180,neutral
112,neutral
11213,neutral
11218,angry
11233,happy
11251,neutral
1126,sad
11269,neutral
11277,sad
11278,sad
11317,neutral
11358,neutral
11390,sad
11395,happy
1142,neutral
11448,angry
11462,neutral
11491,neutral
11518,neutral
11560,sad
11603,neutral
11654,neutral
11660,happy
11686,neutral
11689,neutral
11725,neutral
11738,fear
11783,neutral
11818,neutral
11823,angry
11834,neutral
11872,neutral
11875,sad
11889,neutral
1189,angry
11913,neutral
11928,neutral
11977,neutral
12042,neutral
1206,angry
12090,neutral
12096,neutral
12100,sad
12106,surprise
12116,neutral
12117,neutral
12162,neutral
12173,neutral
1220,neutral
12202,neutral
12215,angry
1222,sad
1227,neutral
12272,happy
12289,angry
12319,neutral
12361,neutral
12363,angry
12366,fear
12407,fear
12423,neutral
1248,sad
12500,neutral
12508,neutral
12519,happy
12569,sad
12647,neutral
12801,fear
12852,sad
12869,neutral
12879,fear
12885,neutral
12933,neutral
12976,sad
1300,happy
13047,sad
1313,neutral
13161,fear
13164,neutral
13188,neutral
13212,happy
13237,fear
13242,neutral
1328,angry
13337,neutral
1336,neutral
1339,neutral
13409,neutral
13411,neutral
13424,neutral
13430,neutral
13433,neutral
13441,neutral
13467,neutral
13498,neutral
135,neutral
13531,neutral
13586,angry
13603,sad
13619,neutral
13633,sad
13644,neutral
13653,happy
13670,happy
13692,neutral
13695,neutral
13800,neutral
13808,happy
13825,surprise
13834,happy
13843,neutral
13897,neutral
13909,neutral
14047,neutral
1407,neutral
1411,neutral
14113,angry
14135,fear
14154,neutral
14170,happy
14174,neutral
14175,angry
14187,neutral
14190,neutral
14224,happy
14342,neutral
14352,neutral
14362,neutral
14406,neutral
14436,sad
14481,sad
14487,neutral
14495,neutral
14496,neutral
14513,neutral
14542,neutral
14550,sad
14564,sad
14641,neutral
14645,happy
14671,sad
14703,neutral
14717,neutral
14741,sad
14859,fear
14867,fear
14929,neutral
1493,neutral
14957,surprise
14980,neutral
15007,neutral
15013,sad
15044,neutral
15070,angry
15102,neutral
15106,fear
15120,sad
15121,neutral
15132,happy
15168,neutral
15193,neutral
15207,neutral
15210,sad
15220,angry
15248,neutral
15293,neutral
15333,neutral
15334,sad
15350,fear
15366,neutral
15387,neutral
15405,angry
15441,neutral
15445,neutral
15459,neutral
15529,neutral
15536,fear
15568,neutral
15570,sad
15611,angry
15634,surprise
15638,neutral
15651,happy
15686,happy
15713,neutral
15716,neutral
15717,neutral
1572,neutral
15721,neutral
15824,neutral
15847,neutral
15890,neutral
15904,sad
15932,sad
15963,happy
16019,fear
16094,fear
16101,neutral
16143,happy
16196,happy
16257,neutral
16324,neutral
16329,neutral
16350,neutral
16363,sad
16389,sad
16419,neutral
16463,angry
16464,happy
16476,neutral
16478,neutral
16508,neutral
1656,neutral
16569,angry
16570,neutral
16575,sad
16685,neutral
1669,neutral
16696,angry
16714,neutral
1675,neutral
16817,neutral
16823,neutral
1683,sad
16845,neutral
1685,angry
16860,surprise
1688,angry
16890,neutral
16964,happy
16969,angry
16989,angry
17015,neutral
17018,neutral
17028,neutral
17131,neutral
1716,neutral
17163,neutral
17212,neutral
17231,neutral
17251,fear
17267,neutral
17273,neutral
17276,neutral
17295,neutral
17318,sad
17345,sad
17359,neutral
1737,neutral
1738,fear
17417,happy
17424,neutral
17538,angry
17555,happy
17563,sad
17582,fear
1759,neutral
17598,neutral
17695,neutral
17702,neutral
17790,neutral
17815,neutral
17837,neutral
1785,angry
17886,neutral
17973,neutral
17980,neutral
18035,neutral
18130,angry
18168,angry
18181,sad
1819,neutral
18208,happy
18223,neutral
18281,angry
18288,neutral
1830,fear
18301,neutral
18312,neutral
18321,neutral
18339,neutral
1835,neutral
18388,neutral
18389,neutral
18431,neutral
18469,angry
18497,neutral
18545,neutral
18554,neutral
18658,neutral
18687,neutral
18703,neutral
18708,neutral
18725,happy
1874,happy
18778,neutral
18791,neutral
18803,neutral
18825,sad
18909,surprise
1892,neutral
18926,fear
1897,neutral
18973,happy
18986,angry
19009,neutral
19131,neutral
19181,happy
19204,neutral
19214,sad
19234,neutral
19259,sad
19329,angry
19340,happy
19373,neutral
19390,neutral
19411,neutral
19435,sad
19495,fear
19533,sad
19549,happy
19571,angry
19581,neutral
19590,sad
19591,neutral
19609,neutral
19615,neutral
19643,happy
1972,neutral
19793,happy
19797,neutral
19829,angry
19855,sad
19863,neutral
1988,sad
19953,happy
19983,neutral
19993,happy
20008,neutral
20019,neutral
20028,neutral
20036,neutral
201,angry
20150,neutral
20157,neutral
2019,happy
20223,angry
20257,neutral
20272,sad
20274,angry
20289,neutral
20360,happy
20372,neutral
20416,neutral
20432,neutral
2044,neutral
20514,angry
20517,sad
2053,sad
20549,angry
20588,neutral
20603,surprise
20621,neutral
20665,neutral
20670,angry
2068,neutral
20680,angry
20737,fear
20814,neutral
20833,sad
20856,neutral
20875,neutral
20892,fear
20893,neutral
20933,neutral
20948,neutral
21025,sad
21030,angry
21092,sad
21104,neutral
21150,fear
21166,neutral
21167,neutral
21199,neutral
21210,neutral
21265,fear
21311,neutral
21314,angry
2133,neutral
21337,neutral
21351,neutral
21377,neutral
21386,sad
21393,sad
21404,happy
21451,neutral
21455,neutral
21470,neutral
21475,neutral
2149,neutral
21557,neutral
2156,sad
21589,neutral
21638,happy
21658,neutral
21663,happy
21695,neutral
217,happy
2172,neutral
21730,neutral
21752,neutral
21794,neutral
21812,fear
21817,neutral
21822,neutral
21852,neutral
21862,sad
21880,neutral
21962,neutral
21971,neutral
22023,happy
22028,neutral
2207,neutral
22088,neutral
22091,sad
22095,neutral
22123,neutral
2216,angry
2223,neutral
22267,neutral
2227,neutral
22292,neutral
22325,neutral
22336,neutral
22354,fear
22357,fear
22403,neutral
22410,neutral
22442,neutral
22457,neutral
22482,neutral
22508,sad
22517,neutral
22571,angry
22576,sad
22587,surprise
22617,neutral
22627,neutral
22655,neutral
22688,neutral
22691,happy
22720,neutral
2273,angry
22774,neutral
22787,neutral
2279,neutral
22820,neutral
22867,neutral
22886,neutral
22916,fear
22924,neutral
22974,sad
22987,sad
22992,neutral
23012,neutral
2303,sad
23039,neutral
23057,sad
23103,neutral
23119,neutral
23167,sad
23172,sad
23186,neutral
23204,neutral
23216,happy
23224,sad
23244,neutral
23272,surprise
23291,neutral
23343,neutral
23348,angry
23396,neutral
23457,angry
23470,happy
23487,sad
23565,neutral
23609,neutral
23623,neutral
23634,neutral
23666,neutral
23691,neutral
23722,neutral
23725,neutral
23741,happy
23794,neutral
23858,neutral
23869,neutral
23929,sad
24003,neutral
24051,neutral
24065,neutral
24101,neutral
24104,surprise
24105,neutral
24156,neutral
24175,angry
24182,neutral
24187,neutral
24232,happy
2427,fear
24347,happy
24358,neutral
2443,happy
24443,neutral
24531,happy
24573,neutral
24575,neutral
2458,happy
24725,neutral
24768,neutral
24774,fear
24779,neutral
24785,sad
24798,happy
24815,angry
24820,neutral
24877,neutral
24912,neutral
24931,neutral
24962,neutral
24964,sad
25007,happy
25018,sad
25021,fear
25078,neutral
25089,neutral
25099,neutral
2510,neutral
25151,neutral
25295,sad
25318,sad
2535,sad
25372,neutral
25391,neutral
25401,neutral
25409,neutral
25451,neutral
25497,fear
25507,surprise
25520,angry
25537,neutral
25573,neutral
25593,neutral
25615,neutral
25627,happy
25635,happy
2564,neutral
25668,angry
25678,sad
25682,neutral
25685,neutral
25695,neutral
25701,sad
25723,neutral
25743,neutral
25773,neutral
25797,neutral
25800,neutral
25810,neutral
25818,sad
25841,sad
2588,happy
25895,neutral
25915,happy
25919,surprise
25969,neutral
25978,neutral
25979,sad
25994,happy
26016,happy
26023,happy
26041,angry
26049,neutral
26056,happy
26067,neutral
26069,neutral
26081,fear
2613,neutral
26134,neutral
26161,neutral
26187,sad
26190,neutral
26192,neutral
26200,neutral
26209,neutral
26223,happy
26227,neutral
26237,neutral
26318,neutral
26364,neutral
26411,happy
26453,neutral
26464,neutral
26495,neutral
26539,sad
26647,neutral
26654,neutral
26682,neutral
26715,neutral
26767,fear
2677,neutral
26771,neutral
26833,neutral
26839,fear
26851,angry
26892,happy
26901,fear
26961,sad
2699,sad
2710,neutral
27115,happy
27190,happy
27218,sad
27229,happy
2727,happy
27299,neutral
273,neutral
27306,neutral
27329,neutral
27405,neutral
27465,neutral
2747,neutral
2750,neutral
2753,neutral
27533,happy
27594,neutral
27597,neutral
2761,happy
27642,neutral
27646,neutral
27650,neutral
27683,neutral
27692,neutral
27752,sad
27767,neutral
27864,neutral
2792,neutral
27985,neutral
27995,happy
28005,neutral
28007,happy
28014,sad
28025,neutral
28084,angry
28153,fear
28235,sad
28251,neutral
28269,happy
28278,happy
2829,sad
28298,neutral
28359,angry
28471,neutral
28478,angry
28480,sad
28493,sad
28499,neutral
28507,neutral
28517,neutral
28531,fear
28535,neutral
28539,neutral
28546,fear
28549,neutral
28642,happy
28681,neutral
2871,sad
28723,neutral
28769,neutral
28782,happy
28836,angry
28842,angry
28846,happy
28854,sad
28951,neutral
29009,happy
2901,happy
29099,fear
29129,angry
2914,neutral
29216,neutral
29246,happy
29256,sad
29311,happy
29324,neutral
29388,neutral
29403,happy
29428,neutral
29438,happy
29484,surprise
29500,neutral
29505,neutral
29525,neutral
2953,neutral
29556,sad
29559,neutral
2957,neutral
29608,neutral
29609,neutral
2962,surprise
29637,neutral
29664,sad
29694,angry
29758,sad
2978,neutral
29794,neutral
2984,neutral
29840,angry
29848,sad
29893,neutral
29916,sad
29921,sad
29944,neutral
2995,sad
2998,neutral
30053,neutral
30121,sad
30167,neutral
30197,angry
30220,sad
30345,neutral
30346,sad
30371,sad
30374,neutral
30422,angry
3050,sad
3051,neutral
30530,sad
30543,sad
30546,neutral
30581,neutral
30713,neutral
30786,neutral
30850,fear
30976,neutral
31057,neutral
31123,sad
31132,neutral
31139,neutral
3115,neutral
31164,sad
31189,neutral
3123,neutral
31240,neutral
31257,happy
31263,sad
31307,neutral
31332,happy
31347,neutral
31371,neutral
31373,neutral
31478,surprise
31483,angry
31486,angry
31546,sad
31561,neutral
31591,neutral
31713,neutral
3174,neutral
31774,neutral
31820,happy
31869,sad
3191,angry
31949,neutral
31997,neutral
3204,neutral
32071,neutral
32081,neutral
3221,neutral
32216,angry
32321,angry
32330,sad
32355,sad
32360,neutral
32371,neutral
32391,neutral
32443,neutral
32445,neutral
32467,neutral
3247,sad
32479,neutral
32508,neutral
32516,sad
32547,neutral
32587,neutral
32605,neutral
32636,fear
32671,neutral
32683,happy
32730,neutral
3276,neutral
32778,angry
32782,neutral
32792,neutral
32817,neutral
32855,angry
32870,neutral
32905,sad
32914,neutral
32935,happy
32939,neutral
32965,sad
32972,sad
32978,sad
33005,happy
33013,happy
33022,neutral
33031,neutral
33049,neutral
33052,fear
33100,neutral
33124,neutral
33159,angry
33182,neutral
33219,sad
33243,surprise
33255,neutral
33317,neutral
33346,happy
33381,happy
33399,angry
33452,neutral
33468,neutral
33471,neutral
33514,neutral
33526,sad
33609,sad
33642,neutral
33699,neutral
33710,neutral
3375,neutral
33785,sad
33794,neutral
33813,sad
33819,neutral
33856,neutral
33858,neutral
33863,neutral
33865,neutral
33870,neutral
33880,neutral
33894,neutral
3395,sad
33965,neutral
33999,happy
34037,angry
3404,neutral
34059,neutral
34088,sad
34093,neutral
34131,sad
34161,neutral
34269,happy
34272,surprise
34279,angry
34308,neutral
34324,neutral
34335,neutral
34513,neutral
34526,neutral
34530,neutral
34539,neutral
34555,neutral
34598,angry
34612,neutral
34673,fear
34685,neutral
34854,neutral
34870,neutral
34875,neutral
34920,happy
34979,neutral
3502,fear
35034,neutral
35075,neutral
35108,neutral
35129,neutral
35183,neutral
35216,neutral
35229,neutral
35241,neutral
35255,neutral
35267,angry
35332,angry
3535,neutral
35356,neutral
3537,neutral
35400,neutral
35408,neutral
35484,neutral
35546,sad
35576,neutral
35628,neutral
35657,sad
3566,neutral
35704,neutral
3575,neutral
35754,happy
35755,neutral
35764,neutral
35775,neutral
35802,neutral
35852,neutral
3600,neutral
3610,happy
3700,neutral
3729,sad
3792,happy
3795,neutral
3899,neutral
3909,neutral
3929,neutral
3932,sad
3953,neutral
3986,neutral
405,neutral
4062,neutral
4124,surprise
4137,neutral
4194,fear
4223,neutral
4242,sad
4314,sad
4328,neutral
4339,neutral
4372,happy
4380,neutral
4394,happy
44,neutral
4443,neutral
4449,neutral
449,neutral
4552,neutral
4553,neutral
4563,surprise
4573,neutral
4574,angry
4672,sad
4748,neutral
4752,neutral
4770,neutral
4777,sad
4802,neutral
4825,happy
4829,sad
4868,neutral
4870,fear
4883,neutral
4888,fear
4935,neutral
4953,happy
4998,fear
5046,neutral
5053,neutral
5073,neutral
508,neutral
5087,happy
5110,angry
5116,neutral
5170,neutral
5186,angry
5258,neutral
5267,happy
5323,neutral
5345,neutral
5361,sad
5385,sad
541,neutral
542,neutral
5444,happy
5446,sad
5449,angry
547,neutral
551,neutral
5527,happy
5536,neutral
5549,neutral
5561,neutral
5591,neutral
5651,fear
5687,sad
5695,neutral
5708,neutral
5713,neutral
5715,neutral
5724,neutral
5748,neutral
5749,neutral
5784,neutral
5792,sad
5811,neutral
5831,angry
584,angry
5853,sad
5865,neutral
5912,neutral
5931,angry
5953,fear
596,neutral
5976,happy
5984,neutral
60,neutral
601,neutral
6078,happy
6103,neutral
615,sad
6158,neutral
6180,angry
6193,sad
6236,happy
6343,neutral
6351,neutral
6388,neutral
6397,sad
6412,sad
644,neutral
649,neutral
6502,neutral
651,neutral
6527,neutral
6599,neutral
662,neutral
6664,neutral
6710,sad
673,neutral
6813,neutral
6836,sad
6842,happy
6869,neutral
6891,neutral
6934,surprise
7008,surprise
7009,neutral
7077,neutral
7092,neutral
7110,fear
7131,neutral
7198,neutral
7220,neutral
7239,neutral
7254,neutral
7273,neutral
7274,neutral
7348,neutral
7361,angry
7376,neutral
7398,neutral
7462,neutral
7466,angry
7490,happy
7551,sad
7571,neutral
7588,neutral
7599,neutral
7630,happy
766,sad
767,neutral
7717,neutral
7755,sad
7765,happy
7772,neutral
7773,neutral
7788,sad
7823,sad
7831,neutral
7871,neutral
7903,neutral
7932,neutral
7953,angry
8003,happy
8054,neutral
8076,angry
8083,fear
8105,neutral
8141,neutral
8179,neutral
8211,neutral
8216,fear
8233,neutral
8247,neutral
8262,neutral
8264,sad
8280,neutral
8295,neutral
8347,neutral
8352,sad
8373,neutral
838,neutral
8389,neutral
8392,sad
841,neutral
8410,happy
8471,fear
8483,neutral
8498,neutral
8516,neutral
8536,neutral
855,neutral
8599,neutral
8687,neutral
8694,neutral
8724,neutral
8763,sad
8768,happy
8782,neutral
8788,angry
8802,neutral
8842,sad
8862,angry
8863,surprise
8868,neutral
8880,neutral
891,sad
8919,neutral
8946,neutral
8976,neutral
8980,neutral
9011,neutral
9016,neutral
9046,neutral
9050,neutral
9069,neutral
9099,neutral
9128,neutral
913,sad
9149,neutral
917,happy
9170,neutral
9209,neutral
9221,neutral
9235,neutral
9252,neutral
9273,happy
9276,neutral
9288,neutral
9292,neutral
9324,neutral
9335,angry
9355,sad
9356,neutral
9360,angry
9381,sad
9415,angry
9420,neutral
9434,neutral
9453,neutral
9473,sad
9477,neutral
9507,neutral
9543,neutral
9611,sad
9701,fear
9712,neutral
9718,happy
9773,neutral
9803,neutral
9838,sad
9867,neutral
9874,neutral
9936,neutral
9975,happy
9982,happy
9993,neutral
10004,angry
1003,sad
10031,happy
10073,neutral
10114,neutral
10116,fear
10171,angry
10172,sad
10176,happy
1022,sad
10252,sad
1026,angry
10339,sad
10352,sad
10375,happy
10383,fear
10386,sad
10423,angry
10425,angry
10455,sad
10561,sad
10607,neutral
10620,fear
10655,happy
10686,neutral
10694,fear
10713,neutral
10769,sad
1078,angry
10871,neutral
10881,sad
10919,sad
11025,happy
11026,neutral
11031,sad
11100,sad
11138,fear
11140,sad
11163,fear
11192,sad
11209,sad
11234,angry
11241,sad
11264,happy
11280,neutral
11284,sad
11295,surprise
11316,neutral
11346,happy
11398,happy
1148,sad
115,fear
11523,sad
1156,surprise
11581,sad
11582,sad
11601,sad
11626,angry
11640,happy
11662,happy
11722,happy
1173,happy
11746,sad
11790,happy
11794,neutral
11836,sad
11867,neutral
11876,fear
11880,neutral
11891,sad
11909,angry
11966,sad
11978,sad
1198,angry
12040,angry
12074,sad
12092,angry
12113,neutral
12119,sad
12190,sad
12246,neutral
12267,sad
12318,sad
12364,sad
12498,happy
12512,neutral
12524,sad
12547,sad
12591,neutral
12594,sad
12621,sad
1264,sad
12648,neutral
12659,neutral
12661,sad
12702,surprise
12758,fear
12791,neutral
12818,sad
12827,angry
12899,sad
12958,neutral
1298,neutral
13000,sad
13027,sad
13051,sad
13091,sad
13150,sad
13162,neutral
13180,sad
13187,sad
13293,fear
13296,sad
13339,sad
13380,happy
13421,neutral
13483,fear
13488,sad
13505,neutral
13510,sad
1353,sad
13562,sad
13575,sad
13598,neutral
13631,neutral
1364,neutral
13666,sad
13714,sad
13726,sad
13793,sad
13801,angry
13812,neutral
13852,sad
13870,fear
13888,happy
13907,neutral
13940,sad
13979,happy
13983,neutral
14048,sad
14070,neutral
14106,neutral
14122,surprise
14127,neutral
14136,happy
1420,sad
14208,fear
14226,sad
14250,neutral
14346,angry
14384,happy
14388,angry
14459,fear
14464,angry
14472,sad
14474,happy
14484,sad
14494,sad
14505,sad
14522,angry
14524,sad
14561,happy
14572,sad
14574,sad
14578,sad
14682,sad
14696,neutral
14729,sad
1482,neutral
14835,sad
14836,angry
15052,happy
15078,fear
15090,sad
15129,sad
15145,sad
15167,fear
15169,sad
15192,angry
15208,neutral
15289,sad
15294,sad
1536,neutral
15365,angry
15373,sad
15436,sad
15447,fear
15462,disgust
15468,neutral
15484,sad
1549,angry
15534,neutral
15535,sad
15565,neutral
15580,neutral
15592,happy
1560,neutral
15613,sad
15642,sad
15657,sad
15696,happy
15697,sad
15795,neutral
15867,neutral
15909,sad
15929,sad
16003,fear
16010,angry
16053,happy
16056,happy
16075,sad
16087,neutral
16125,sad
16151,sad
16208,neutral
16304,sad
16338,neutral
16387,angry
16388,neutral
16405,angry
16443,happy
1645,sad
16475,sad
16535,sad
16558,sad
16645,neutral
16706,sad
16710,sad
16776,happy
1678,sad
16787,neutral
16798,sad
16821,sad
16837,neutral
16839,sad
16863,neutral
16895,sad
16938,sad
16962,angry
16985,happy
17003,angry
17011,happy
17100,neutral
17128,neutral
172,neutral
17206,angry
17215,fear
17237,fear
17248,happy
17257,fear
17275,sad
17279,sad
17293,sad
17297,sad
17331,neutral
17341,neutral
17363,fear
17426,neutral
17432,angry
1751,neutral
17518,sad
17597,neutral
17607,neutral
17625,sad
17662,neutral
17666,angry
17678,neutral
17713,sad
17717,happy
1772,neutral
17730,sad
17746,sad
17763,neutral
17767,sad
17775,sad
1778,sad
17784,sad
17794,angry
17887,sad
17912,sad
18047,sad
18067,sad
18101,fear
18120,sad
18180,neutral
18193,neutral
18260,sad
18270,angry
18300,sad
18345,sad
18349,sad
18361,neutral
18367,sad
18381,sad
18457,sad
18475,sad
1854,sad
18550,sad
18573,angry
18610,sad
18732,sad
18734,sad
18842,neutral
18855,sad
18872,sad
18888,sad
18897,angry
1891,neutral
18914,sad
18927,sad
1896,neutral
18962,neutral
19029,sad
19049,happy
19082,surprise
19084,sad
19095,sad
19145,neutral
19165,happy
19179,neutral
1926,sad
19274,neutral
19285,sad
19303,sad
1931,fear
19364,neutral
1937,neutral
19384,sad
19422,sad
19461,happy
19470,fear
19486,sad
19531,sad
19535,happy
19578,neutral
19607,sad
19663,angry
19674,fear
1973,fear
19731,sad
19785,neutral
19799,neutral
19861,angry
19864,sad
19880,neutral
19893,fear
19934,angry
19969,neutral
19973,angry
19975,sad
20,neutral
20072,sad
20073,neutral
20104,sad
20171,sad
20192,sad
20193,neutral
20217,sad
20301,neutral
20313,surprise
2039,sad
20395,neutral
20400,neutral
20468,sad
20469,angry
20511,neutral
20560,sad
20563,sad
20589,neutral
20650,sad
20656,sad
20667,happy
20750,sad
2084,angry
20908,neutral
2091,surprise
20964,sad
20979,sad
21005,fear
21029,happy
21036,angry
21078,angry
21082,neutral
21201,angry
21221,angry
21249,sad
21275,neutral
21282,neutral
21312,sad
21324,sad
21428,sad
21434,fear
21531,sad
21535,neutral
21549,sad
2157,sad
21632,surprise
21666,sad
21681,sad
21715,fear
21720,neutral
2176,sad
21766,sad
21769,surprise
21968,fear
21978,sad
21988,sad
22004,sad
22032,neutral
22051,neutral
22067,sad
22117,sad
22241,fear
22255,sad
22271,happy
22319,surprise
22335,angry
2238,happy
2239,fear
22390,sad
22416,fear
22419,fear
22448,sad
22449,sad
22452,sad
22521,happy
2256,surprise
22602,surprise
22619,happy
22631,angry
22651,fear
22690,angry
22704,fear
22761,angry
22765,surprise
22766,angry
2278,sad
22808,angry
22816,neutral
22937,neutral
22961,sad
22977,angry
22989,sad
23054,fear
23060,sad
231,sad
2312,neutral
23220,sad
23297,neutral
23304,neutral
23341,surprise
23374,angry
23407,angry
23430,sad
23452,happy
23471,angry
23483,neutral
23507,angry
23542,happy
23549,sad
23562,angry
23584,happy
23601,neutral
23654,sad
23658,sad
2367,neutral
23675,sad
23700,angry
23715,angry
23748,fear
23760,fear
23764,neutral
23779,sad
23781,sad
23792,happy
23817,fear
23829,angry
23832,sad
23853,sad
23884,angry
23901,sad
23905,neutral
23915,sad
23945,happy
23948,neutral
23965,neutral
23968,neutral
23978,sad
23991,sad
24013,sad
24057,angry
24066,neutral
24087,sad
2412,happy
24133,fear
24160,fear
24168,sad
24173,sad
2418,fear
24183,sad
24217,fear
24239,neutral
24247,sad
2431,sad
24329,surprise
24363,angry
24384,neutral
24420,sad
24421,sad
24460,fear
24473,sad
2451,angry
24543,fear
24545,sad
24582,sad
24643,sad
24664,sad
24736,sad
2476,neutral
2478,sad
2485,happy
24881,fear
24909,neutral
24916,sad
2496,neutral
2499,surprise
2502,sad
25025,neutral
25055,sad
25087,neutral
25117,sad
25126,fear
25211,neutral
25231,sad
25240,fear
25250,angry
25281,fear
2530,neutral
2533,fear
25330,neutral
25348,happy
25351,sad
25356,fear
25379,fear
25381,sad
2539,happy
25410,sad
25412,angry
25425,sad
2546,sad
25510,sad
25529,sad
25576,sad
25582,sad
25597,fear
25632,angry
25643,sad
2565,angry
25819,neutral
25832,sad
25843,sad
25920,neutral
25961,fear
25983,sad
25985,sad
26005,angry
26006,sad
26040,angry
26079,sad
2615,neutral
26198,sad
26249,neutral
26269,sad
26270,neutral
26292,neutral
26304,neutral
26313,happy
26321,sad
2633,neutral
26339,neutral
26346,happy
2635,sad
26355,sad
26368,sad
26378,fear
26398,sad
26404,neutral
26443,sad
26484,angry
26501,sad
26543,happy
26566,sad
26573,fear
26581,sad
26586,sad
26600,happy
26612,angry
26670,sad
26675,sad
26683,sad
26702,disgust
26747,neutral
26772,angry
26834,sad
2690,happy
26959,angry
26970,fear
27005,angry
27027,neutral
27035,sad
27052,neutral
27117,neutral
27124,sad
27258,sad
27292,sad
27305,sad
27350,sad
27400,neutral
27410,neutral
27450,neutral
27461,sad
27471,surprise
2748,sad
2751,fear
27518,neutral
27522,sad
27561,neutral
27562,neutral
27576,sad
27585,fear
27588,sad
27629,fear
27681,fear
27694,fear
27719,neutral
27759,neutral
27776,angry
27788,sad
27810,neutral
2785,neutral
27873,sad
2788,neutral
27887,sad
27913,sad
27948,neutral
27993,fear
28053,angry
28073,angry
28091,angry
28100,sad
28137,sad
28143,happy
28171,sad
28230,sad
28252,neutral
28272,sad
28294,sad
28296,sad
28396,happy
28424,sad
28426,angry
28465,sad
28552,sad
28555,sad
28568,sad
28596,neutral
28696,angry
28700,sad
28794,fear
28895,sad
28966,sad
2902,angry
29058,sad
29082,neutral
29112,happy
29121,sad
29150,angry
29194,sad
29226,happy
29243,angry
29295,sad
29298,sad
29305,sad
29318,sad
29322,sad
2934,happy
29379,happy
29383,neutral
2945,neutral
2950,neutral
29529,sad
29553,sad
29561,angry
29580,happy
29585,neutral
29617,sad
29622,disgust
29627,fear
29628,sad
29632,happy
29652,angry
29692,neutral
29703,sad
29756,fear
29757,sad
29792,surprise
29819,fear
29835,neutral
29875,angry
29897,sad
29936,sad
29937,sad
29941,neutral
29970,fear
29973,sad
29998,angry
30001,surprise
30035,fear
30045,fear
30056,sad
3007,neutral
30080,sad
30094,surprise
30104,sad
30118,fear
3012,fear
30144,neutral
30170,neutral
30181,happy
30219,neutral
30251,fear
30274,happy
30289,sad
30292,sad
30326,sad
30331,sad
30358,sad
30377,angry
30410,fear
30439,sad
30440,neutral
30462,sad
30541,happy
30552,happy
3056,neutral
30565,fear
3059,neutral
30611,sad
3075,sad
30763,sad
30789,sad
30817,sad
30818,surprise
30853,angry
30867,sad
3088,angry
3094,neutral
31009,neutral
31068,fear
31072,happy
31099,sad
31104,neutral
31113,sad
31149,sad
3118,sad
312,angry
31248,happy
31265,sad
31328,sad
31367,sad
3139,angry
31390,sad
31409,sad
31424,sad
31506,sad
31510,happy
31527,sad
31534,sad
31634,sad
31643,sad
31653,sad
31663,sad
31665,happy
31669,neutral
3169,sad
31712,happy
31720,sad
31836,sad
31857,happy
3187,sad
32005,sad
32029,angry
3206,happy
32139,fear
32175,neutral
32183,neutral
32189,sad
32202,sad
32268,neutral
32296,neutral
32297,neutral
3235,sad
32383,sad
32394,sad
32422,neutral
32565,neutral
32580,angry
32582,neutral
32613,sad
3263,sad
32711,angry
32744,sad
32768,neutral
32814,sad
32818,angry
32836,fear
32843,angry
32859,happy
32861,fear
32898,sad
32903,angry
32911,sad
32932,sad
32982,sad
33089,sad
33152,neutral
33213,neutral
33227,fear
33247,happy
33276,surprise
33295,neutral
33302,neutral
33331,happy
33371,neutral
33373,sad
33421,sad
33492,angry
33516,sad
33523,sad
33538,neutral
33628,sad
33636,happy
33640,sad
33686,sad
33691,sad
33693,fear
33736,happy
33747,angry
3378,neutral
33780,sad
33786,neutral
3382,sad
33820,sad
33936,sad
33962,sad
33988,neutral
3403,sad
34070,sad
34121,fear
34176,sad
34195,sad
34205,angry
34242,fear
34250,neutral
3433,angry
34387,sad
34408,sad
34413,fear
34427,angry
34477,neutral
34509,angry
34533,neutral
34605,sad
34610,neutral
34629,sad
34633,sad
34679,fear
34694,angry
3477,sad
34788,disgust
34798,fear
34799,angry
34820,fear
34827,fear
34905,angry
34913,sad
34917,sad
3492,fear
34945,fear
34985,sad
34988,neutral
34991,angry
350,sad
35030,neutral
35039,sad
35043,sad
35058,happy
3506,sad
3508,sad
35116,sad
35131,fear
35148,happy
3518,sad
35192,fear
35214,sad
35297,neutral
35318,fear
35375,neutral
35386,sad
35411,sad
3546,neutral
35528,neutral
35567,neutral
35605,neutral
35615,surprise
35639,neutral
35691,neutral
35737,happy
35768,sad
35812,sad
35873,sad
359,sad
3634,happy
3653,sad
3661,neutral
3731,sad
3767,neutral
3825,neutral
3855,neutral
3869,fear
3922,sad
3951,sad
3972,sad
3988,fear
4130,angry
4207,neutral
422,sad
4233,sad
4274,sad
4381,sad
4389,neutral
4412,neutral
4415,sad
4441,angry
4482,sad
4534,neutral
4572,fear
4594,neutral
4596,sad
4615,neutral
4624,fear
4697,sad
4714,fear
4734,neutral
4736,fear
4764,sad
4771,sad
4811,sad
4860,sad
4940,sad
4951,sad
4958,happy
4987,neutral
5004,sad
505,sad
5055,happy
5056,sad
5058,fear
5061,angry
5100,neutral
5101,sad
5107,happy
5147,sad
5166,neutral
5177,angry
5224,fear
5229,fear
5374,sad
5435,neutral
5466,neutral
5560,neutral
5629,neutral
5642,surprise
5689,sad
5710,happy
580,sad
5836,sad
5910,sad
5995,angry
6025,sad
6033,sad
6109,sad
6137,happy
6149,sad
6187,fear
6215,sad
6265,happy
6304,sad
6312,angry
6353,sad
6400,fear
6449,sad
6459,angry
6467,sad
6492,sad
6521,angry
6529,sad
6551,neutral
6557,neutral
6563,sad
6645,sad
6660,sad
6720,neutral
6735,sad
6771,sad
680,sad
6833,sad
6860,sad
688,sad
6897,sad
6901,happy
6904,fear
6915,fear
6930,surprise
6957,sad
6960,sad
6964,angry
70,sad
7030,happy
7037,sad
7039,neutral
7119,fear
7121,neutral
7165,sad
7232,sad
7253,sad
7268,sad
7275,happy
7287,sad
7301,happy
7337,surprise
7371,sad
7400,sad
7406,neutral
7430,disgust
7475,neutral
7502,sad
7536,fear
7566,sad
7569,angry
761,surprise
7618,sad
7623,sad
7675,sad
7679,angry
7724,happy
7776,fear
7806,neutral
7848,fear
7877,sad
7878,neutral
7943,sad
7962,fear
7963,sad
7976,sad
798,sad
800,neutral
8039,sad
8056,sad
8098,angry
8099,neutral
8102,neutral
8146,sad
8164,sad
8197,sad
8203,angry
822,sad
8223,sad
8238,sad
8252,sad
8266,sad
8333,fear
8390,sad
8430,sad
8525,happy
8580,angry
8614,sad
8639,fear
8659,sad
8702,fear
8718,fear
8738,sad
8761,happy
8814,happy
8834,fear
8851,angry
8876,sad
8892,sad
8925,neutral
8953,sad
8955,sad
8958,sad
9006,neutral
9028,sad
9066,fear
9073,sad
9082,surprise
9087,fear
9119,angry
9142,happy
9171,sad
9219,sad
922,happy
9238,neutral
9267,sad
9327,sad
9338,angry
9387,sad
9405,fear
9454,sad
9457,neutral
9459,neutral
9463,happy
9465,neutral
9498,happy
9508,sad
9548,neutral
9689,happy
9693,sad
9713,neutral
9769,neutral
977,fear
98,neutral
9841,sad
9864,angry
987,sad
9885,sad
9889,neutral
9923,sad
10056,surprise
10097,neutral
10162,surprise
10185,surprise
10246,fear
10259,surprise
10268,surprise
10306,fear
1033,surprise
10365,surprise
10372,surprise
10444,surprise
10545,surprise
10625,fear
10701,surprise
10734,surprise
10755,angry
10768,surprise
10800,surprise
10813,sad
10820,surprise
10837,surprise
10866,surprise
10909,fear
10931,surprise
10950,surprise
11000,surprise
11043,surprise
1107,neutral
11126,happy
11139,surprise
1118,surprise
11302,surprise
11414,surprise
11418,surprise
11429,angry
11451,surprise
11466,surprise
11589,surprise
11670,surprise
11721,surprise
1176,neutral
11786,surprise
11848,surprise
11865,angry
11902,surprise
12086,fear
12107,surprise
12131,neutral
12134,surprise
12312,surprise
12320,happy
12338,surprise
1239,surprise
12463,surprise
12470,fear
1249,surprise
12504,surprise
12529,surprise
12551,fear
12567,surprise
12626,surprise
12684,neutral
12723,surprise
12748,surprise
12768,surprise
12903,happy
12924,happy
12960,surprise
12973,surprise
13009,surprise
13080,surprise
13101,surprise
13145,surprise
13169,neutral
13203,surprise
13205,surprise
13230,surprise
13288,surprise
13460,surprise
13521,surprise
13622,surprise
13684,surprise
13740,surprise
1376,surprise
13837,surprise
13876,surprise
14080,surprise
14091,disgust
14115,surprise
14305,surprise
14331,surprise
14375,surprise
1449,surprise
1457,surprise
14647,surprise
14691,surprise
14697,surprise
14798,surprise
14914,surprise
14927,happy
14968,surprise
15008,surprise
15034,surprise
15037,surprise
15047,surprise
15101,fear
1515,neutral
15179,surprise
15238,surprise
15244,surprise
15263,surprise
15354,surprise
15378,fear
15383,surprise
15416,happy
15454,surprise
15467,surprise
15486,surprise
15487,surprise
15518,happy
15524,surprise
15527,surprise
15533,surprise
15628,surprise
15635,happy
15788,sad
15802,surprise
1583,neutral
15922,surprise
15944,neutral
16110,happy
16133,surprise
16172,surprise
16229,surprise
16237,surprise
16280,surprise
16396,surprise
16415,sad
16441,surprise
16507,surprise
16530,surprise
16646,surprise
16666,fear
16721,fear
16756,surprise
16774,sad
16829,surprise
16886,fear
16901,neutral
16947,surprise
16959,surprise
16980,surprise
16995,happy
17016,surprise
17019,fear
17027,surprise
17044,neutral
1710,fear
17137,sad
17148,surprise
17157,sad
17161,surprise
17177,surprise
17205,surprise
17245,sad
17290,surprise
17309,surprise
1735,surprise
17350,fear
17422,fear
17429,neutral
17433,surprise
1750,fear
176,surprise
17610,surprise
1764,surprise
17693,surprise
17845,surprise
17906,surprise
17919,surprise
17952,surprise
1800,surprise
18026,surprise
18038,surprise
18132,surprise
18198,surprise
18285,surprise
18313,surprise
18393,surprise
18436,neutral
18521,surprise
18555,surprise
18577,surprise
18613,fear
18615,sad
18619,surprise
18631,surprise
1864,neutral
18678,surprise
18706,fear
18742,surprise
18862,surprise
18864,fear
19051,surprise
1911,surprise
1914,surprise
19142,neutral
19177,fear
19187,surprise
19267,surprise
19314,surprise
19362,surprise
19389,neutral
19431,surprise
1945,surprise
1952,fear
19594,surprise
19601,surprise
19650,surprise
19665,surprise
19720,happy
19755,surprise
19795,fear
1992,surprise
19972,surprise
20041,surprise
20146,surprise
20148,surprise
20162,surprise
20167,surprise
20262,surprise
20293,surprise
20369,surprise
20373,surprise
20387,surprise
20407,fear
20467,surprise
20573,happy
20584,surprise
20594,happy
20664,neutral
20691,surprise
20786,surprise
20855,surprise
20882,surprise
2090,surprise
20935,surprise
20947,happy
20967,surprise
20989,surprise
21044,surprise
21072,surprise
21074,surprise
2114,angry
21148,surprise
21151,fear
21153,surprise
21154,surprise
2119,surprise
21217,surprise
21233,happy
21239,surprise
21299,surprise
21417,surprise
2146,sad
21461,surprise
21468,surprise
21545,surprise
21570,surprise
21578,surprise
21587,surprise
2168,surprise
2173,fear
21807,surprise
21824,surprise
21834,surprise
21887,surprise
21896,surprise
21906,surprise
2195,surprise
21973,surprise
21987,surprise
2200,surprise
22019,angry
22025,fear
22128,surprise
22131,surprise
22278,angry
2228,surprise
22305,surprise
22322,neutral
2234,surprise
22372,surprise
22497,surprise
22509,fear
22525,fear
22666,surprise
22741,sad
22771,fear
22864,sad
22921,surprise
23053,surprise
23151,surprise
23155,surprise
23328,surprise
23346,surprise
23386,angry
23413,happy
23433,sad
23661,surprise
23662,surprise
23739,neutral
23747,surprise
23751,surprise
23885,surprise
23893,neutral
23917,surprise
23941,fear
23943,neutral
23949,surprise
24022,angry
24031,angry
24046,surprise
24050,surprise
24143,surprise
24163,surprise
24167,surprise
24174,neutral
24179,fear
24201,sad
24291,neutral
24404,sad
24411,surprise
24415,surprise
24432,surprise
24433,surprise
2448,happy
24557,surprise
2461,surprise
24646,surprise
24668,surprise
24756,happy
24893,fear
24904,happy
24921,surprise
25010,surprise
25036,surprise
25044,surprise
25107,surprise
25143,surprise
25188,surprise
25229,sad
25234,fear
25280,surprise
2529,surprise
25319,happy
25390,surprise
25397,surprise
25402,surprise
25416,surprise
25492,sad
25539,surprise
25563,surprise
25571,surprise
256,surprise
25610,fear
25636,neutral
25674,surprise
25687,surprise
25709,fear
25742,surprise
25781,surprise
25808,surprise
25906,happy
25959,surprise
26076,fear
26087,surprise
26101,surprise
26102,surprise
26133,surprise
2619,surprise
26243,surprise
2634,happy
26452,surprise
26455,surprise
26483,surprise
26487,surprise
26500,sad
26556,surprise
26626,happy
26708,surprise
26800,neutral
26825,surprise
26907,surprise
26910,surprise
26914,angry
26944,surprise
27025,happy
27039,surprise
27070,fear
27125,surprise
27165,happy
27174,surprise
27193,surprise
27240,surprise
27270,surprise
27273,surprise
27321,surprise
27325,surprise
27328,surprise
2744,angry
27566,surprise
27577,surprise
2758,surprise
27586,surprise
2759,surprise
276,surprise
27696,surprise
27737,fear
27756,happy
27774,surprise
27803,surprise
27916,surprise
27919,sad
27926,surprise
27933,surprise
27973,surprise
27979,surprise
2803,fear
28076,surprise
28082,fear
28130,surprise
28182,surprise
28219,disgust
28236,neutral
28287,surprise
28328,surprise
28335,happy
28342,surprise
2835,surprise
2837,surprise
28370,fear
28421,angry
28441,surprise
28448,surprise
28476,surprise
28482,surprise
28501,surprise
28525,surprise
28639,surprise
28653,surprise
28666,fear
28667,surprise
28727,surprise
28803,angry
2886,neutral
28864,surprise
28901,surprise
29038,neutral
29110,surprise
29118,surprise
29164,surprise
29205,surprise
29225,surprise
29276,surprise
29283,sad
29354,neutral
2949,surprise
29515,surprise
29516,neutral
29537,surprise
29540,surprise
29542,happy
29551,surprise
29557,neutral
2956,surprise
29568,surprise
29618,surprise
29619,fear
29677,happy
29690,surprise
29796,surprise
29797,surprise
29803,neutral
29884,happy
29954,surprise
3002,surprise
30173,fear
30174,happy
30184,surprise
30190,surprise
30336,fear
30537,surprise
30620,surprise
30625,surprise
30628,surprise
30714,surprise
30726,surprise
30811,surprise
3084,happy
30943,surprise
30989,surprise
31005,surprise
31054,surprise
31097,surprise
31102,surprise
31194,angry
31198,surprise
31206,surprise
31223,surprise
31353,surprise
31364,fear
31533,surprise
31563,surprise
3157,surprise
31631,happy
31662,surprise
31775,surprise
31781,surprise
31784,surprise
31799,surprise
31814,surprise
31826,surprise
31872,surprise
31882,surprise
31899,surprise
31953,surprise
31961,surprise
32069,surprise
32132,surprise
32165,fear
32179,surprise
3223,surprise
3224,fear
32243,surprise
32308,happy
32315,surprise
32324,surprise
32334,surprise
32365,surprise
32395,surprise
32405,surprise
32420,surprise
32432,surprise
32510,surprise
32530,surprise
32630,surprise
32695,fear
32727,surprise
32734,surprise
32753,surprise
32756,surprise
32894,surprise
32968,fear
32979,surprise
330,surprise
33039,surprise
33055,fear
33072,surprise
33079,surprise
33147,surprise
33180,neutral
33290,surprise
33316,surprise
33329,surprise
33364,sad
33376,angry
33378,surprise
33405,fear
33411,surprise
3354,surprise
336,surprise
33667,fear
33677,fear
33745,surprise
33759,surprise
33789,surprise
33800,neutral
33879,surprise
3392,surprise
33993,surprise
33997,surprise
34004,angry
34034,surprise
34039,surprise
34072,surprise
34087,surprise
34134,surprise
34162,surprise
34212,surprise
3423,surprise
34237,surprise
34252,neutral
34288,fear
34385,angry
34400,surprise
34416,happy
34439,surprise
3445,neutral
34546,surprise
34557,surprise
34664,surprise
34674,surprise
34722,surprise
34787,surprise
34813,surprise
34844,surprise
34904,surprise
34926,surprise
34984,surprise
34986,surprise
35049,surprise
35063,surprise
35083,surprise
35084,neutral
35118,surprise
35121,surprise
35144,surprise
35154,surprise
35156,sad
35194,surprise
35201,surprise
35212,surprise
35237,surprise
35276,surprise
35355,fear
35384,surprise
35387,surprise
35399,happy
35511,surprise
35524,surprise
35530,surprise
35608,surprise
35644,happy
35684,surprise
35688,surprise
35757,surprise
35790,surprise
35823,surprise
35833,surprise
35857,surprise
35872,neutral
3603,fear
3607,surprise
3635,neutral
3675,surprise
3691,surprise
3756,fear
3765,surprise
3858,surprise
3874,happy
3878,surprise
3925,surprise
4036,surprise
4072,surprise
4076,surprise
4080,surprise
4086,surprise
413,surprise
4199,happy
4243,surprise
4289,happy
4347,surprise
435,surprise
4352,neutral
438,surprise
4390,fear
4431,surprise
4486,surprise
4513,surprise
4536,surprise
4570,happy
4621,surprise
4636,surprise
4657,happy
4685,surprise
4698,surprise
4793,fear
4895,surprise
4912,surprise
5037,surprise
5077,surprise
51,neutral
5138,surprise
5178,surprise
518,surprise
5310,surprise
5375,surprise
5419,fear
5450,surprise
5513,surprise
5530,surprise
5595,surprise
5636,surprise
5664,surprise
5706,surprise
5771,surprise
5778,angry
5855,fear
5893,surprise
5938,surprise
5943,sad
5997,surprise
6046,neutral
6050,surprise
6167,surprise
6184,angry
6216,surprise
6219,surprise
6247,happy
6309,surprise
6360,surprise
6410,happy
6415,surprise
6425,surprise
6427,surprise
647,neutral
6518,surprise
6598,surprise
6647,surprise
670,surprise
6711,happy
6716,surprise
675,surprise
6797,fear
6877,surprise
692,surprise
6966,surprise
7024,surprise
7032,happy
7153,surprise
7203,surprise
7211,surprise
726,angry
7459,surprise
7512,surprise
7562,surprise
7582,surprise
759,happy
7626,surprise
7761,fear
7774,angry
78,surprise
783,surprise
7865,surprise
7874,surprise
788,surprise
7926,surprise
7957,happy
8016,surprise
8021,neutral
8042,surprise
8063,surprise
8115,surprise
8137,surprise
8143,surprise
8173,surprise
8240,happy
8309,happy
8329,surprise
8404,surprise
8421,surprise
843,fear
8439,surprise
8478,happy
8489,surprise
867,fear
8736,happy
8837,fear
8928,surprise
8973,surprise
9017,surprise
9021,surprise
9118,surprise
9141,surprise
9162,surprise
9309,surprise
9367,surprise
9380,surprise
9450,surprise
9467,angry
947,surprise
9499,surprise
9541,surprise
9546,fear
9560,angry
9630,surprise
9644,surprise
9681,surprise
9776,happy
9786,happy
9806,surprise
9830,happy
9853,surprise
9878,happy
993,surprise
